,Timestamp,idx,gaze_x,gaze_y,gaze_z,REyePos_x,REyePos_y,LEyePos_x,LEyePos_y,yaw,pitch,roll,HeadBox_xmin,HeadBox_ymin,RightEyeBox_xmin,RightEyeBox_ymin,LeftEyeBox_xmin,LeftEyeBox_ymin,ROpenClose,LOpenClose,set_x,set_y,set_z,WTransG,WTransG,WTransG,WTransG,WTransG,WTransG,WTransG,WTransG,WTransG,WTransG,WTransG,WTransG,WTransG,WTransG,WTransG,WTransG
0,1762835525.7144878,0.0,0.26829299330711365,-0.36479851603507996,0.8915945887565613,62.0,172.0,153.0,173.0,1.7901768684387207,17.191429138183594,0.12715888023376465,536.0,342.0,34.0,144.0,125.0,145.0,1.0,1.0,11.0,6.0,0.0,0.0,0.0,0.0,0.0,0.0,0.0,0.0,0.0,0.0,0.0,0.0,0.0,0.0,0.0,0.0,0.0
1,1762835525.7777526,0.0,0.26829299330711365,-0.36479851603507996,0.8915945887565613,62.0,172.0,153.0,173.0,1.496469497680664,15.013875961303711,0.30869174003601074,536.0,342.0,34.0,144.0,125.0,145.0,1.0,1.0,11.0,6.0,0.0,1.0,0.0,0.0,-0.30794568403773737,0.0,-1.0,0.0,0.02235101914406174,0.0,0.0,-1.0,0.9509975199885847,0.0,0.0,0.0,1.0
2,1762835525.834969,0.0,0.2636118233203888,-0.36423051357269287,0.8920976519584656,61.0,172.0,152.0,172.0,-0.43447160720825195,17.142038345336914,0.06632447242736816,537.0,342.0,33.0,144.0,124.0,144.0,1.0,1.0,11.0,6.0,0.0,1.0,0.0,0.0,-0.3070546117524496,0.0,-1.0,0.0,0.022409294929918493,0.0,0.0,-1.0,0.951279870113998,0.0,0.0,0.0,1.0
3,1762835525.8935199,0.0,0.26714208722114563,-0.36423051357269287,0.8916844725608826,62.0,173.0,154.0,173.0,-0.7154879570007324,16.129281997680664,1.1394741535186768,536.0,341.0,34.0,145.0,126.0,145.0,1.0,1.0,11.0,6.0,0.0,1.0,0.0,0.0,-0.3078394081206697,0.0,-1.0,0.0,0.02234359461385794,0.0,0.0,-1.0,0.9510305372030736,0.0,0.0,0.0,1.0
4,1762835525.948964,0.0,0.26714208722114563,-0.3642769753932953,0.8916844725608826,61.0,170.0,152.0,170.0,0.07334136962890625,12.776357650756836,1.4751198291778564,537.0,344.0,33.0,142.0,124.0,142.0,1.0,1.0,11.0,6.0,0.0,1.0,0.0,0.0,-0.3086568112940319,0.0,-1.0,0.0,0.021264469078562317,0.0,0.0,-1.0,0.9507918086252041,0.0,0.0,0.0,1.0
5,1762835526.0034096,0.0,0.26714208722114563,-0.36203309893608093,0.8916844725608826,60.0,170.0,152.0,170.0,0.1179347038269043,11.738868713378906,1.272925615310669,537.0,344.0,32.0,142.0,124.0,142.0,1.0,1.0,11.0,6.0,0.0,1.0,0.0,0.0,-0.30783438892957593,0.0,-1.0,0.0,0.02271268717038096,0.0,0.0,-1.0,0.9510229021824914,0.0,0.0,0.0,1.0
6,1762835526.057006,0.0,0.26714208722114563,-0.36203309893608093,0.8916844725608826,59.0,172.0,151.0,172.0,0.7770695686340332,9.756155014038086,2.097848653793335,537.0,342.0,31.0,144.0,123.0,144.0,1.0,1.0,11.0,6.0,0.0,1.0,0.0,0.0,-0.3078825751899136,0.0,-1.0,0.0,0.022703817664855623,0.0,0.0,-1.0,0.9510080273414183,0.0,0.0,0.0,1.0
7,1762835526.1147132,0.0,0.26714208722114563,-0.36033716797828674,0.8916844725608826,60.0,173.0,151.0,173.0,0.2359938621520996,9.339698791503906,2.825110673904419,537.0,341.0,32.0,145.0,123.0,145.0,1.0,1.0,11.0,6.0,0.0,1.0,0.0,0.0,-0.3085801438369691,0.0,-1.0,0.0,0.02230197366088861,0.0,0.0,-1.0,0.9507964405379383,0.0,0.0,0.0,1.0
8,1762835526.169855,0.0,0.2623923718929291,-0.34856557846069336,0.894904613494873,59.0,172.0,150.0,171.0,-1.1855034828186035,7.288759231567383,2.670917272567749,537.0,342.0,31.0,144.0,122.0,143.0,1.0,1.0,11.0,6.0,0.0,1.0,0.0,0.0,-0.30914150007739705,0.0,-1.0,0.0,0.02229417416196225,0.0,0.0,-1.0,0.9506137920655602,0.0,0.0,0.0,1.0
9,1762835526.2262003,0.0,0.2623923718929291,-0.3365210294723511,0.9045376777648926,60.0,171.0,151.0,170.0,-2.0064549446105957,8.744365692138672,3.008251905441284,536.0,343.0,32.0,143.0,123.0,142.0,1.0,1.0,11.0,6.0,0.0,1.0,0.0,0.0,-0.3092101497625961,0.0,-1.0,0.0,0.021623487952021986,0.0,0.0,-1.0,0.9506008263848211,0.0,0.0,0.0,1.0
10,1762835526.3069768,0.0,0.21305310726165771,-0.3365210294723511,0.9154720902442932,60.0,172.0,151.0,171.0,-0.28829050064086914,10.743398666381836,2.189984083175659,535.0,341.0,32.0,144.0,123.0,143.0,1.0,1.0,11.0,6.0,0.0,1.0,0.0,0.0,-0.30951188407357927,0.0,-1.0,0.0,0.021984090665964365,0.0,0.0,-1.0,0.9504902147740543,0.0,0.0,0.0,1.0
11,1762835526.3824618,0.0,0.2124236673116684,-0.3365210294723511,0.9172578454017639,60.0,172.0,150.0,172.0,1.6333184242248535,11.899530410766602,2.0795094966888428,536.0,340.0,32.0,144.0,122.0,144.0,1.0,1.0,11.0,6.0,0.0,1.0,0.0,0.0,-0.3093625145502845,0.0,-1.0,0.0,0.021619827777168157,0.0,0.0,-1.0,0.9505505335346309,0.0,0.0,0.0,1.0
12,1762835526.4379942,0.0,0.2124236673116684,-0.3365210294723511,0.9172578454017639,60.0,171.0,152.0,170.0,-0.13745546340942383,11.264776229858398,2.020979642868042,535.0,341.0,32.0,143.0,124.0,142.0,1.0,1.0,11.0,6.0,0.0,1.0,0.0,0.0,-0.30926448580319643,0.0,-1.0,0.0,0.020989972361132148,0.0,0.0,-1.0,0.9506006444740358,0.0,0.0,0.0,1.0
13,1762835526.493428,0.0,0.2007649838924408,-0.33634549379348755,0.9210341572761536,60.0,171.0,152.0,170.0,-1.85575532913208,9.179834365844727,2.4243147373199463,535.0,341.0,32.0,143.0,124.0,142.0,1.0,1.0,11.0,6.0,0.0,1.0,0.0,0.0,-0.3091169916343195,0.0,-1.0,0.0,0.02065135403422849,0.0,0.0,-1.0,0.9506612139782173,0.0,0.0,0.0,1.0
14,1762835526.5505269,0.0,0.18790939450263977,-0.33634549379348755,0.9216289520263672,59.0,169.0,151.0,167.0,-2.4351255893707275,11.867040634155273,2.1237051486968994,535.0,343.0,31.0,141.0,123.0,139.0,1.0,1.0,11.0,6.0,0.0,1.0,0.0,0.0,-0.30992556789155584,0.0,-1.0,0.0,0.020226463596281934,0.0,0.0,-1.0,0.9504013027211595,0.0,0.0,0.0,1.0
15,1762835526.6051376,0.0,0.18790939450263977,-0.31822022795677185,0.9216289520263672,62.0,170.0,151.0,166.0,-0.6589140892028809,12.262113571166992,1.9247171878814697,534.0,342.0,34.0,142.0,123.0,138.0,1.0,1.0,11.0,6.0,0.0,1.0,0.0,0.0,-0.3099408186601938,0.0,-1.0,0.0,0.02017178409785579,0.0,0.0,-1.0,0.9503984577216802,0.0,0.0,0.0,1.0
16,1762835526.6628585,0.0,0.21391306817531586,-0.3131922781467438,0.9171221256256104,60.0,169.0,151.0,166.0,-1.9085352420806885,11.454572677612305,2.328251600265503,535.0,343.0,32.0,141.0,123.0,138.0,1.0,1.0,11.0,6.0,0.0,1.0,0.0,0.0,-0.3100633166506679,0.0,-1.0,0.0,0.02055287762262573,0.0,0.0,-1.0,0.9503433379233801,0.0,0.0,0.0,1.0
17,1762835526.7308753,0.0,0.266733318567276,-0.30984988808631897,0.9215241074562073,60.0,169.0,150.0,165.0,-3.035701036453247,10.499475479125977,2.046990156173706,535.0,343.0,32.0,141.0,122.0,137.0,1.0,1.0,11.0,6.0,0.0,1.0,0.0,0.0,-0.30995369124460315,0.0,-1.0,0.0,0.02083875864436857,0.0,0.0,-1.0,0.9503801457473537,0.0,0.0,0.0,1.0
18,1762835526.7949834,0.0,0.2827536165714264,-0.3117635250091553,0.9066206216812134,59.0,171.0,152.0,170.0,-1.1163043975830078,9.291571617126465,2.830946207046509,534.0,340.0,31.0,143.0,124.0,142.0,1.0,1.0,11.0,6.0,0.0,1.0,0.0,0.0,-0.31001246029637053,0.0,-1.0,0.0,0.020890215163159663,0.0,0.0,-1.0,0.9503551863084048,0.0,0.0,0.0,1.0
19,1762835526.8599818,0.0,0.2827536165714264,-0.3117635250091553,0.9066206216812134,60.0,169.0,151.0,167.0,-2.448549747467041,11.385704040527344,2.3030622005462646,534.0,342.0,32.0,141.0,123.0,139.0,1.0,1.0,11.0,6.0,0.0,1.0,0.0,0.0,-0.31005330774623296,0.0,-1.0,0.0,0.02024439685924665,0.0,0.0,-1.0,0.9503543396235252,0.0,0.0,0.0,1.0
20,1762835526.921431,0.0,0.266733318567276,-0.3131922781467438,0.9113070964813232,59.0,171.0,152.0,170.0,-1.424391508102417,10.742061614990234,1.9115650653839111,534.0,340.0,31.0,143.0,124.0,142.0,1.0,1.0,11.0,6.0,0.0,1.0,0.0,0.0,-0.31044969201574557,0.0,-1.0,0.0,0.02021062885589489,0.0,0.0,-1.0,0.9502283907268996,0.0,0.0,0.0,1.0
21,1762835526.9820077,0.0,0.2654162049293518,-0.31475958228111267,0.9187015891075134,60.0,171.0,152.0,169.0,-1.7834184169769287,10.815113067626953,2.34598708152771,533.0,340.0,32.0,143.0,124.0,141.0,1.0,1.0,11.0,6.0,0.0,1.0,0.0,0.0,-0.3102394100663668,0.0,-1.0,0.0,0.019491346343128095,0.0,0.0,-1.0,0.9503087001476516,0.0,0.0,0.0,1.0
22,1762835527.0486426,0.0,0.25143954157829285,-0.31622204184532166,0.9147577881813049,59.0,171.0,152.0,169.0,-2.1716296672821045,10.067899703979492,2.8995273113250732,533.0,340.0,31.0,143.0,124.0,141.0,1.0,1.0,11.0,6.0,0.0,1.0,0.0,0.0,-0.3105587432246878,0.0,-1.0,0.0,0.019783746030410207,0.0,0.0,-1.0,0.9502041655206731,0.0,0.0,0.0,1.0
23,1762835527.110945,0.0,0.2345704436302185,-0.31622204184532166,0.9187015891075134,60.0,171.0,151.0,168.0,-2.801816940307617,11.178022384643555,2.11161208152771,533.0,340.0,32.0,143.0,123.0,140.0,1.0,1.0,11.0,6.0,0.0,1.0,0.0,0.0,-0.31119666288646824,0.0,-1.0,0.0,0.019813430361238983,0.0,0.0,-1.0,0.9499943678935909,0.0,0.0,0.0,1.0
24,1762835527.164915,0.0,0.22078374028205872,-0.31475958228111267,0.9190065264701843,59.0,170.0,151.0,167.0,-2.6046760082244873,10.902645111083984,2.2568447589874268,533.0,341.0,31.0,142.0,123.0,139.0,1.0,1.0,11.0,6.0,0.0,1.0,0.0,0.0,-0.3110063657507285,0.0,-1.0,0.0,0.02018109890207505,0.0,0.0,-1.0,0.9500457647519776,0.0,0.0,0.0,1.0
25,1762835527.2200236,0.0,0.22078374028205872,-0.30737292766571045,0.9200639128684998,59.0,172.0,152.0,170.0,-0.989387035369873,10.0462064743042,2.4070842266082764,533.0,338.0,31.0,144.0,124.0,142.0,1.0,1.0,11.0,6.0,0.0,1.0,0.0,0.0,-0.3115418127329624,0.0,-1.0,0.0,0.019718241633699583,0.0,0.0,-1.0,0.9498773706694239,0.0,0.0,0.0,1.0
26,1762835527.2757766,0.0,0.22078374028205872,-0.29749807715415955,0.928843080997467,60.0,172.0,151.0,169.0,-4.0670084953308105,9.019674301147461,1.3684537410736084,533.0,338.0,32.0,144.0,123.0,141.0,1.0,1.0,11.0,6.0,0.0,1.0,0.0,0.0,-0.311091766892661,0.0,-1.0,0.0,0.019465948828604328,0.0,0.0,-1.0,0.9500326974116798,0.0,0.0,0.0,1.0
27,1762835527.3317347,0.0,0.22078374028205872,-0.29749807715415955,0.928843080997467,59.0,172.0,150.0,171.0,-0.4333820343017578,11.412614822387695,1.121885061264038,534.0,336.0,31.0,144.0,122.0,143.0,1.0,1.0,11.0,6.0,0.0,1.0,0.0,0.0,-0.3114006001020624,0.0,-1.0,0.0,0.019097261879032542,0.0,0.0,-1.0,0.9499378311567352,0.0,0.0,0.0,1.0
28,1762835527.3886583,0.0,0.24064451456069946,-0.29562172293663025,0.928843080997467,59.0,172.0,149.0,170.0,-2.1825132369995117,9.833053588867188,1.2184412479400635,535.0,336.0,31.0,144.0,121.0,142.0,1.0,1.0,11.0,6.0,0.0,1.0,0.0,0.0,-0.31118181707687087,0.0,-1.0,0.0,0.01763366167026902,0.0,0.0,-1.0,0.9500417172087401,0.0,0.0,0.0,1.0
29,1762835527.4419608,0.0,0.24064451456069946,-0.29562172293663025,0.9233190417289734,58.0,174.0,149.0,174.0,-0.5158534049987793,7.972127914428711,2.3368828296661377,534.0,330.0,30.0,146.0,121.0,146.0,1.0,1.0,11.0,6.0,0.0,1.0,0.0,0.0,-0.31105931256130714,0.0,-1.0,0.0,0.01638315371982478,0.0,0.0,-1.0,0.9500977470256582,0.0,0.0,0.0,1.0
30,1762835527.5001485,0.0,0.2188425213098526,-0.29863062500953674,0.9233190417289734,58.0,175.0,149.0,175.0,-2.9550588130950928,8.050166130065918,2.329078435897827,533.0,328.0,30.0,147.0,121.0,147.0,1.0,1.0,11.0,6.0,0.0,1.0,0.0,0.0,-0.31083227969688604,0.0,-1.0,0.0,0.014100929411261873,0.0,0.0,-1.0,0.9502088221293432,0.0,0.0,0.0,1.0
31,1762835527.5560036,0.0,-0.17674261331558228,-0.3010729253292084,0.9214982390403748,58.0,173.0,149.0,174.0,-2.7312188148498535,8.878904342651367,2.8915717601776123,533.0,329.0,30.0,145.0,121.0,146.0,1.0,1.0,11.0,6.0,0.0,1.0,0.0,0.0,-0.31135096976165033,0.0,-1.0,0.0,0.014066579634245322,0.0,0.0,-1.0,0.9500370089173763,0.0,0.0,0.0,1.0
32,1762835527.6117861,0.0,-0.22746562957763672,-0.29863062500953674,0.9233190417289734,58.0,173.0,148.0,174.0,-4.293237209320068,7.338916778564453,2.973111867904663,533.0,331.0,30.0,145.0,120.0,146.0,1.0,1.0,11.0,6.0,0.0,1.0,0.0,0.0,-0.3115918151964451,0.0,-1.0,0.0,0.014062501157983562,0.0,0.0,-1.0,0.9499626053513317,0.0,0.0,0.0,1.0
33,1762835527.668055,0.0,-0.23898044228553772,-0.29863062500953674,0.9233190417289734,58.0,171.0,148.0,174.0,-3.9216506481170654,8.955709457397461,2.0377919673919678,531.0,335.0,29.0,142.0,119.0,145.0,1.0,1.0,11.0,6.0,0.0,1.0,0.0,0.0,-0.31223249365174693,0.0,-1.0,0.0,0.015146209552459548,0.0,0.0,-1.0,0.9497332690693921,0.0,0.0,0.0,1.0
34,1762835527.7236261,0.0,-0.2483312487602234,-0.2974484860897064,0.9207419157028198,57.0,171.0,147.0,173.0,-4.682985782623291,12.747907638549805,0.8164880275726318,532.0,338.0,28.0,142.0,118.0,144.0,1.0,1.0,11.0,6.0,0.0,1.0,0.0,0.0,-0.31290850124200376,0.0,-1.0,0.0,0.01733787617760981,0.0,0.0,-1.0,0.9494740390047073,0.0,0.0,0.0,1.0
35,1762835527.7784247,1.0,-0.2483312487602234,-0.2974484860897064,0.917691707611084,56.0,172.0,147.0,175.0,-5.492389678955078,14.417055130004883,2.011512517929077,530.0,339.0,27.0,143.0,118.0,146.0,1.0,1.0,585.0,6.0,0.0,1.0,0.0,0.0,-0.3128603347852709,0.0,-1.0,0.0,0.0187236518029792,0.0,0.0,-1.0,0.9494623462157055,0.0,0.0,0.0,1.0
36,1762835527.8342373,1.0,-0.25030896067619324,-0.29439806938171387,0.9138853549957275,54.0,170.0,145.0,173.0,-6.931210994720459,16.642839431762695,1.705169439315796,530.0,342.0,26.0,142.0,117.0,145.0,1.0,1.0,585.0,6.0,0.0,1.0,0.0,0.0,-0.31413592036237226,0.0,-1.0,0.0,0.020868103317095675,0.0,0.0,-1.0,0.9489982534749721,0.0,0.0,0.0,1.0
37,1762835527.8961217,1.0,-0.2575826346874237,-0.2974484860897064,0.913809597492218,55.0,171.0,146.0,174.0,-7.957059860229492,14.436317443847656,1.4370577335357666,526.0,342.0,26.0,142.0,117.0,145.0,1.0,1.0,585.0,6.0,0.0,1.0,0.0,0.0,-0.3146868491491425,0.0,-1.0,0.0,0.02233996425530416,0.0,0.0,-1.0,0.948780439278515,0.0,0.0,0.0,1.0
38,1762835527.957296,1.0,-0.2575826346874237,-0.3146795630455017,0.913809597492218,55.0,171.0,146.0,174.0,-7.216060638427734,12.063444137573242,0.7623927593231201,523.0,340.0,26.0,142.0,117.0,145.0,1.0,1.0,585.0,6.0,0.0,1.0,0.0,0.0,-0.3170894490789452,0.0,-1.0,0.0,0.022309899275383214,0.0,0.0,-1.0,0.9479757939094522,0.0,0.0,0.0,1.0
39,1762835528.0224154,1.0,-0.2575826346874237,-0.3146795630455017,0.9138853549957275,56.0,167.0,146.0,170.0,-6.087899208068848,11.289039611816406,0.6866967678070068,520.0,342.0,27.0,138.0,117.0,141.0,1.0,1.0,585.0,6.0,0.0,1.0,0.0,0.0,-0.3188231322667363,0.0,-1.0,0.0,0.021110583134537238,0.0,0.0,-1.0,0.9474203305920268,0.0,0.0,0.0,1.0
40,1762835528.0866385,1.0,-0.2575826346874237,-0.30127158761024475,0.918311595916748,57.0,165.0,146.0,168.0,-6.469104766845703,8.058484077453613,1.3766210079193115,519.0,341.0,29.0,137.0,118.0,140.0,1.0,1.0,585.0,6.0,0.0,1.0,0.0,0.0,-0.3209871372655196,0.0,-1.0,0.0,0.0197803629479079,0.0,0.0,-1.0,0.9467200005038585,0.0,0.0,0.0,1.0
41,1762835528.1568859,1.0,-0.2529335021972656,-0.3042605519294739,0.919380247592926,58.0,167.0,147.0,169.0,-6.783069133758545,8.188362121582031,1.2124993801116943,518.0,339.0,29.0,138.0,118.0,140.0,1.0,1.0,585.0,6.0,0.0,1.0,0.0,0.0,-0.321743947085387,0.0,-1.0,0.0,0.017267593318659933,0.0,0.0,-1.0,0.9465153670425868,0.0,0.0,0.0,1.0
42,1762835528.2208707,1.0,-0.2468699961900711,-0.30127158761024475,0.9205684065818787,57.0,168.0,146.0,170.0,-6.951374053955078,7.041784286499023,1.2208631038665771,518.0,338.0,28.0,139.0,117.0,141.0,1.0,1.0,585.0,6.0,0.0,1.0,0.0,0.0,-0.32173046670541317,0.0,-1.0,0.0,0.01615183130305934,0.0,0.0,-1.0,0.946539546116081,0.0,0.0,0.0,1.0
43,1762835528.2833917,1.0,-0.2468699961900711,-0.30127158761024475,0.9205684065818787,57.0,169.0,145.0,170.0,-7.135878086090088,8.05259895324707,0.30777859687805176,520.0,339.0,29.0,141.0,117.0,142.0,1.0,1.0,585.0,6.0,0.0,1.0,0.0,0.0,-0.32220930683510285,0.0,-1.0,0.0,0.016572804230391983,0.0,0.0,-1.0,0.9463670883817815,0.0,0.0,0.0,1.0
44,1762835528.3476684,1.0,-0.2468699961900711,-0.3042605519294739,0.919380247592926,55.0,171.0,145.0,173.0,-7.556028366088867,13.381902694702148,0.15625476837158203,521.0,338.0,27.0,143.0,117.0,145.0,1.0,1.0,585.0,6.0,0.0,1.0,0.0,0.0,-0.32176050680961377,0.0,-1.0,0.0,0.018318944551210088,0.0,0.0,-1.0,0.9464905488775472,0.0,0.0,0.0,1.0
45,1762835528.412957,1.0,-0.24559925496578217,-0.319524347782135,0.9104215502738953,55.0,170.0,145.0,172.0,-8.085775375366211,10.733736038208008,0.0014538764953613281,522.0,340.0,27.0,142.0,117.0,144.0,1.0,1.0,585.0,6.0,0.0,1.0,0.0,0.0,-0.32128343809394433,0.0,-1.0,0.0,0.019068407620131286,0.0,0.0,-1.0,0.9466396370263458,0.0,0.0,0.0,1.0
46,1762835528.47987,1.0,-0.2468699961900711,-0.319524347782135,0.9104215502738953,54.0,168.0,144.0,171.0,-7.788172245025635,11.731266021728516,0.213897705078125,523.0,341.0,26.0,140.0,116.0,143.0,1.0,1.0,585.0,6.0,0.0,1.0,0.0,0.0,-0.3211164586456714,0.0,-1.0,0.0,0.019700713656297487,0.0,0.0,-1.0,0.9466816166559988,0.0,0.0,0.0,1.0
47,1762835528.5361993,1.0,-0.24559925496578217,-0.32631537318229675,0.9104215502738953,56.0,169.0,145.0,171.0,-9.266338348388672,7.063810348510742,0.247208833694458,522.0,341.0,28.0,141.0,117.0,143.0,1.0,1.0,585.0,6.0,0.0,1.0,0.0,0.0,-0.32049208849333777,0.0,-1.0,0.0,0.01986730952587161,0.0,0.0,-1.0,0.946889431467473,0.0,0.0,0.0,1.0
48,1762835528.5925703,1.0,-0.25548627972602844,-0.32631537318229675,0.9085506796836853,55.0,171.0,144.0,173.0,-7.4453125,11.069387435913086,0.1941678524017334,522.0,338.0,27.0,143.0,116.0,145.0,1.0,1.0,585.0,6.0,0.0,1.0,0.0,0.0,-0.3210830242108187,0.0,-1.0,0.0,0.019398929526066,0.0,0.0,-1.0,0.9466983269041912,0.0,0.0,0.0,1.0
49,1762835528.6491206,1.0,-0.24662168323993683,-0.3305487334728241,0.9109084606170654,57.0,170.0,145.0,172.0,-8.611570358276367,9.926521301269531,0.35439515113830566,521.0,339.0,28.0,141.0,116.0,143.0,1.0,1.0,585.0,6.0,0.0,1.0,0.0,0.0,-0.3212349871881894,0.0,-1.0,0.0,0.01902579983702793,0.0,0.0,-1.0,0.9466574837477173,0.0,0.0,0.0,1.0
50,1762835528.7066905,1.0,-0.25548627972602844,-0.32631537318229675,0.9109084606170654,56.0,169.0,146.0,172.0,-7.595952033996582,10.907838821411133,0.32113122940063477,520.0,339.0,27.0,140.0,117.0,143.0,1.0,1.0,585.0,6.0,0.0,1.0,0.0,0.0,-0.32089500257376047,0.0,-1.0,0.0,0.018786714056280955,0.0,0.0,-1.0,0.9467707260049971,0.0,0.0,0.0,1.0
51,1762835528.7639492,1.0,-0.25548627972602844,-0.32631537318229675,0.9109084606170654,56.0,169.0,145.0,172.0,-7.483146667480469,11.227508544921875,-0.399735689163208,520.0,339.0,27.0,140.0,116.0,143.0,1.0,1.0,585.0,6.0,0.0,1.0,0.0,0.0,-0.32162863864848884,0.0,-1.0,0.0,0.01870935121659356,0.0,0.0,-1.0,0.9465250389093006,0.0,0.0,0.0,1.0
52,1762835528.820246,1.0,-0.25548627972602844,-0.32387879490852356,0.9109084606170654,56.0,167.0,145.0,170.0,-7.710239887237549,9.704839706420898,0.4898059368133545,520.0,341.0,28.0,139.0,117.0,142.0,1.0,1.0,585.0,6.0,0.0,1.0,0.0,0.0,-0.3218063149484138,0.0,-1.0,0.0,0.019086891905845452,0.0,0.0,-1.0,0.9464606910809386,0.0,0.0,0.0,1.0
53,1762835528.8922694,1.0,-0.25001171231269836,-0.32387879490852356,0.912467360496521,57.0,168.0,146.0,169.0,-7.881987571716309,8.30274486541748,0.6649727821350098,519.0,341.0,29.0,140.0,118.0,141.0,1.0,1.0,585.0,6.0,0.0,1.0,0.0,0.0,-0.32185534320452075,0.0,-1.0,0.0,0.019448966975195103,0.0,0.0,-1.0,0.9464364828719213,0.0,0.0,0.0,1.0
54,1762835528.9485676,1.0,-0.25001171231269836,-0.32271865010261536,0.9148276448249817,58.0,169.0,147.0,170.0,-7.419474124908447,7.524921417236328,0.08137989044189453,518.0,340.0,29.0,140.0,118.0,141.0,1.0,1.0,585.0,6.0,0.0,1.0,0.0,0.0,-0.32224417011595563,0.0,-1.0,0.0,0.01906020744189395,0.0,0.0,-1.0,0.9463130218665061,0.0,0.0,0.0,1.0
55,1762835529.0084043,1.0,-0.24339085817337036,-0.32387879490852356,0.9148276448249817,57.0,169.0,146.0,170.0,-7.297405242919922,8.408402442932129,0.5478165149688721,518.0,339.0,29.0,141.0,118.0,142.0,1.0,1.0,585.0,6.0,0.0,1.0,0.0,0.0,-0.3224922138061179,0.0,-1.0,0.0,0.01835725063798463,0.0,0.0,-1.0,0.9462423827150821,0.0,0.0,0.0,1.0
56,1762835529.2182057,1.0,-0.24339085817337036,-0.32387879490852356,0.9179717302322388,57.0,168.0,147.0,170.0,-7.814499378204346,6.833937644958496,0.6013777256011963,518.0,338.0,28.0,139.0,118.0,141.0,1.0,1.0,585.0,6.0,0.0,1.0,0.0,0.0,-0.32262709783281956,0.0,-1.0,0.0,0.017962149744012307,0.0,0.0,-1.0,0.9462065478785999,0.0,0.0,0.0,1.0
57,1762835529.28398,1.0,-0.22510819137096405,-0.32271865010261536,0.9252700209617615,55.0,161.0,147.0,161.0,-5.772014617919922,5.580635070800781,0.12758851051330566,520.0,338.0,27.0,133.0,119.0,133.0,1.0,1.0,585.0,6.0,0.0,1.0,0.0,0.0,-0.3228941225504105,0.0,-1.0,0.0,0.01764370835083833,0.0,0.0,-1.0,0.9461156218749547,0.0,0.0,0.0,1.0
58,1762835529.3360348,1.0,-0.1993192434310913,-0.233432337641716,0.937394917011261,57.0,164.0,148.0,165.0,-6.030313491821289,8.21097469329834,1.008493185043335,518.0,336.0,28.0,135.0,119.0,136.0,1.0,1.0,585.0,6.0,0.0,1.0,0.0,0.0,-0.32145712080221694,0.0,-1.0,0.0,0.01604798095451651,0.0,0.0,-1.0,0.9466292970505246,0.0,0.0,0.0,1.0
59,1762835529.3917902,1.0,-0.044356368482112885,-0.05326275900006294,0.9978928565979004,57.0,164.0,148.0,164.0,-7.181049823760986,5.641044616699219,0.19229960441589355,518.0,336.0,28.0,135.0,119.0,135.0,1.0,1.0,585.0,6.0,0.0,1.0,0.0,0.0,-0.3217118602897698,0.0,-1.0,0.0,0.014221581355231123,0.0,0.0,-1.0,0.9465738933690513,0.0,0.0,0.0,1.0
60,1762835529.4443722,1.0,-0.037074316293001175,-0.04758791998028755,0.9979374408721924,56.0,163.0,148.0,163.0,-5.850778102874756,6.0003662109375,0.7115705013275146,518.0,336.0,28.0,135.0,120.0,135.0,1.0,1.0,585.0,6.0,0.0,1.0,0.0,0.0,-0.3223553250065504,0.0,-1.0,0.0,0.014030187289909311,0.0,0.0,-1.0,0.9463602939565802,0.0,0.0,0.0,1.0
61,1762835529.5051308,1.0,-0.037074316293001175,-0.04758791998028755,0.9979374408721924,57.0,163.0,147.0,163.0,-6.611863136291504,8.051216125488281,0.4125993251800537,518.0,336.0,29.0,135.0,119.0,135.0,1.0,1.0,585.0,6.0,0.0,1.0,0.0,0.0,-0.32263585533274997,0.0,-1.0,0.0,0.013689308687809078,0.0,0.0,-1.0,0.9462750030104708,0.0,0.0,0.0,1.0
62,1762835529.5680978,1.0,-0.044356368482112885,-0.04758791998028755,0.9979374408721924,57.0,165.0,146.0,166.0,-6.60761022567749,8.519527435302734,0.2127063274383545,518.0,334.0,29.0,137.0,118.0,138.0,1.0,1.0,585.0,6.0,0.0,1.0,0.0,0.0,-0.32272887906623493,0.0,-1.0,0.0,0.012943872220759066,0.0,0.0,-1.0,0.9462554765224371,0.0,0.0,0.0,1.0
63,1762835529.6300836,1.0,-0.08485621958971024,-0.04758791998028755,0.9936476945877075,55.0,161.0,146.0,160.0,-7.143969535827637,6.982707977294922,0.8007185459136963,518.0,334.0,26.0,132.0,117.0,131.0,1.0,1.0,585.0,6.0,0.0,1.0,0.0,0.0,-0.32263204552055946,0.0,-1.0,0.0,0.012618063081478666,0.0,0.0,-1.0,0.9462910068155442,0.0,0.0,0.0,1.0
64,1762835529.6934118,1.0,-0.17466089129447937,-0.04758791998028755,0.9821710586547852,53.0,160.0,145.0,158.0,-6.443854808807373,9.388406753540039,0.78013014793396,519.0,333.0,25.0,132.0,117.0,130.0,1.0,1.0,585.0,6.0,0.0,1.0,0.0,0.0,-0.32255266724864295,0.0,-1.0,0.0,0.0122672314347097,0.0,0.0,-1.0,0.9463212658642477,0.0,0.0,0.0,1.0
65,1762835529.755097,2.0,-0.31546205282211304,0.07971467077732086,0.9455841183662415,52.0,160.0,144.0,158.0,-5.512557029724121,9.674448013305664,0.7655799388885498,519.0,332.0,24.0,132.0,116.0,130.0,1.0,1.0,11.0,329.0,0.0,1.0,0.0,0.0,-0.32340885526253643,0.0,-1.0,0.0,0.010927585924141833,0.0,0.0,-1.0,0.9460468738654302,0.0,0.0,0.0,1.0
66,1762835529.8146017,2.0,-0.34122923016548157,0.09090321511030197,0.9355742335319519,51.0,160.0,143.0,159.0,-4.868364334106445,10.180839538574219,0.4612772464752197,520.0,331.0,23.0,132.0,115.0,131.0,1.0,1.0,11.0,329.0,0.0,1.0,0.0,0.0,-0.3236176991470988,0.0,-1.0,0.0,0.010825793666960022,0.0,0.0,-1.0,0.9459813585802201,0.0,0.0,0.0,1.0
67,1762835529.8755453,2.0,-0.399944543838501,0.130364790558815,0.907220721244812,51.0,159.0,143.0,157.0,-6.706165313720703,10.987283706665039,0.29740405082702637,519.0,332.0,23.0,131.0,115.0,129.0,1.0,1.0,11.0,329.0,0.0,1.0,0.0,0.0,-0.3239226316592031,0.0,-1.0,0.0,0.00971884431394475,0.0,0.0,-1.0,0.9458843270747587,0.0,0.0,0.0,1.0
68,1762835529.9311664,2.0,-0.4120939373970032,0.1445983499288559,0.8995943069458008,52.0,159.0,143.0,157.0,-8.066670417785645,11.171831130981445,0.1286776065826416,519.0,332.0,24.0,131.0,115.0,129.0,1.0,1.0,11.0,329.0,0.0,1.0,0.0,0.0,-0.32386125881251976,0.0,-1.0,0.0,0.009367174221992014,0.0,0.0,-1.0,0.9459077279190912,0.0,0.0,0.0,1.0
69,1762835529.9856918,2.0,-0.4203357994556427,0.14614161849021912,0.8921265006065369,52.0,158.0,144.0,156.0,-7.040239334106445,10.744440078735352,0.49945545196533203,518.0,332.0,24.0,130.0,116.0,128.0,1.0,1.0,11.0,329.0,0.0,1.0,0.0,0.0,-0.32389766742676396,0.0,-1.0,0.0,0.009039579092974936,0.0,0.0,-1.0,0.9459022889885769,0.0,0.0,0.0,1.0
70,1762835530.0374222,2.0,-0.4213210344314575,0.14913788437843323,0.8921265006065369,53.0,160.0,143.0,158.0,-8.968759536743164,10.937658309936523,-0.34340643882751465,518.0,331.0,25.0,132.0,115.0,130.0,1.0,1.0,11.0,329.0,0.0,1.0,0.0,0.0,-0.3245304232463607,0.0,-1.0,0.0,0.008258554403230109,0.0,0.0,-1.0,0.9456890539194247,0.0,0.0,0.0,1.0
71,1762835530.092747,2.0,-0.4213210344314575,0.14913788437843323,0.8921265006065369,54.0,160.0,145.0,159.0,-8.28984260559082,5.563258171081543,-0.48563528060913086,518.0,331.0,26.0,132.0,117.0,131.0,1.0,1.0,11.0,329.0,0.0,1.0,0.0,0.0,-0.3242941420742943,0.0,-1.0,0.0,0.007238324749092975,0.0,0.0,-1.0,0.9457741145339249,0.0,0.0,0.0,1.0
72,1762835530.14864,2.0,-0.4203357994556427,0.14614161849021912,0.8922560811042786,57.0,161.0,147.0,161.0,-9.140122413635254,2.145847797393799,-0.9642829895019531,517.0,332.0,29.0,133.0,119.0,133.0,1.0,1.0,11.0,329.0,0.0,1.0,0.0,0.0,-0.324361075216255,0.0,-1.0,0.0,0.008290174235556396,0.0,0.0,-1.0,0.9457490643239199,0.0,0.0,0.0,1.0
73,1762835530.2024684,2.0,-0.07181431353092194,0.020946839824318886,0.8991689682006836,58.0,161.0,148.0,161.0,-7.61430549621582,1.0757637023925781,-0.019599199295043945,516.0,333.0,30.0,133.0,120.0,133.0,1.0,1.0,11.0,329.0,0.0,1.0,0.0,0.0,-0.32355549767164543,0.0,-1.0,0.0,0.008341550475761263,0.0,0.0,-1.0,0.9460281568703661,0.0,0.0,0.0,1.0
74,1762835530.2610078,2.0,0.1708417683839798,-0.28201931715011597,0.909290075302124,57.0,160.0,147.0,160.0,-7.100917816162109,1.248560905456543,-0.19691824913024902,517.0,333.0,29.0,132.0,119.0,132.0,1.0,1.0,11.0,329.0,0.0,1.0,0.0,0.0,-0.3236321385688303,0.0,-1.0,0.0,0.008570214420860655,0.0,0.0,-1.0,0.9460009160768642,0.0,0.0,0.0,1.0
75,1762835530.3169377,2.0,0.25071534514427185,-0.31977295875549316,0.9124526977539062,59.0,160.0,148.0,159.0,-7.0278730392456055,-1.1643996238708496,-0.4466819763183594,516.0,333.0,31.0,132.0,120.0,131.0,1.0,1.0,11.0,329.0,0.0,1.0,0.0,0.0,-0.32339186635917705,0.0,-1.0,0.0,0.008397132028985923,0.0,0.0,-1.0,0.9460814804076483,0.0,0.0,0.0,1.0
76,1762835530.3704677,2.0,0.2540464997291565,-0.32095569372177124,0.909290075302124,59.0,159.0,148.0,158.0,-5.21856164932251,-0.8159780502319336,-0.13719868659973145,517.0,333.0,31.0,131.0,120.0,130.0,1.0,1.0,11.0,329.0,0.0,1.0,0.0,0.0,-0.3229653548181055,0.0,-1.0,0.0,0.007592738037940524,0.0,0.0,-1.0,0.946237085046717,0.0,0.0,0.0,1.0
77,1762835530.4250698,2.0,0.25529468059539795,-0.32095569372177124,0.9050865173339844,59.0,160.0,148.0,160.0,-6.204851150512695,-1.1382055282592773,0.24148964881896973,517.0,333.0,31.0,132.0,120.0,132.0,1.0,1.0,11.0,329.0,0.0,1.0,0.0,0.0,-0.3222455264058403,0.0,-1.0,0.0,0.006917828114657321,0.0,0.0,-1.0,0.9464862429489196,0.0,0.0,0.0,1.0
78,1762835530.4786503,2.0,0.2643211781978607,-0.31977295875549316,0.909290075302124,59.0,160.0,148.0,160.0,-6.747284889221191,-1.9335238933563232,0.10686278343200684,517.0,332.0,31.0,132.0,120.0,132.0,1.0,1.0,11.0,329.0,0.0,1.0,0.0,0.0,-0.32233492889136156,0.0,-1.0,0.0,0.007562267089997688,0.0,0.0,-1.0,0.9464525288828093,0.0,0.0,0.0,1.0
79,1762835530.532919,2.0,0.2834659218788147,-0.31977295875549316,0.9050865173339844,59.0,162.0,148.0,161.0,-5.119653224945068,-0.5324840545654297,1.112367868423462,517.0,333.0,31.0,134.0,120.0,133.0,1.0,1.0,11.0,329.0,0.0,1.0,0.0,0.0,-0.3227537610100617,0.0,-1.0,0.0,0.008284556802399182,0.0,0.0,-1.0,0.9462995312760473,0.0,0.0,0.0,1.0
80,1762835530.5848105,2.0,0.29654547572135925,-0.3169628977775574,0.9050865173339844,59.0,161.0,148.0,161.0,-5.458101272583008,0.13951683044433594,1.0445940494537354,518.0,333.0,31.0,133.0,120.0,133.0,1.0,1.0,11.0,329.0,0.0,1.0,0.0,0.0,-0.3223036024282109,0.0,-1.0,0.0,0.009041521633744838,0.0,0.0,-1.0,0.9464496416841561,0.0,0.0,0.0,1.0
81,1762835530.638353,2.0,0.29654547572135925,-0.3117516338825226,0.9050865173339844,60.0,162.0,149.0,161.0,-4.546873569488525,0.22487640380859375,1.3737151622772217,517.0,333.0,32.0,134.0,121.0,133.0,1.0,1.0,11.0,329.0,0.0,1.0,0.0,0.0,-0.3221716340439214,0.0,-1.0,0.0,0.009665077344852325,0.0,0.0,-1.0,0.9464894463334125,0.0,0.0,0.0,1.0
82,1762835530.6942768,2.0,0.32533201575279236,-0.3032650053501129,0.8967994451522827,60.0,162.0,149.0,160.0,-4.844779968261719,0.7551779747009277,1.1841495037078857,517.0,334.0,32.0,134.0,121.0,132.0,1.0,1.0,11.0,329.0,0.0,1.0,0.0,0.0,-0.32233308411110856,0.0,-1.0,0.0,0.009049888512607919,0.0,0.0,-1.0,0.9464392964949129,0.0,0.0,0.0,1.0
83,1762835530.7492585,2.0,0.32533201575279236,-0.3032650053501129,0.8909088373184204,59.0,160.0,148.0,160.0,-5.093128681182861,1.1323318481445312,0.46972084045410156,517.0,333.0,31.0,132.0,120.0,132.0,1.0,1.0,11.0,329.0,0.0,1.0,0.0,0.0,-0.3222375821889125,0.0,-1.0,0.0,0.009336800252877458,0.0,0.0,-1.0,0.9464680970702061,0.0,0.0,0.0,1.0
84,1762835530.8008244,2.0,0.31428590416908264,-0.3032650053501129,0.8967994451522827,59.0,160.0,147.0,159.0,-5.9746809005737305,0.4807147979736328,-0.35603928565979004,517.0,333.0,31.0,132.0,119.0,131.0,1.0,1.0,11.0,329.0,0.0,1.0,0.0,0.0,-0.32235798685771533,0.0,-1.0,0.0,0.008019661717371201,0.0,0.0,-1.0,0.9464418214235908,0.0,0.0,0.0,1.0
85,1762835530.8559735,2.0,0.31428590416908264,-0.3128628730773926,0.8967994451522827,58.0,159.0,147.0,159.0,-6.535314083099365,1.7472057342529297,-0.518420934677124,517.0,333.0,30.0,131.0,119.0,131.0,1.0,1.0,11.0,329.0,0.0,1.0,0.0,0.0,-0.3230364266564574,0.0,-1.0,0.0,0.008385373472693178,0.0,0.0,-1.0,0.9462054610741037,0.0,0.0,0.0,1.0
86,1762835530.9265175,2.0,0.30584514141082764,-0.3128628730773926,0.8978404402732849,58.0,158.0,146.0,158.0,-5.959047794342041,0.13492298126220703,-0.3237435817718506,517.0,334.0,30.0,130.0,118.0,130.0,1.0,1.0,11.0,329.0,0.0,1.0,0.0,0.0,-0.3230391763715711,0.0,-1.0,0.0,0.008610497833561563,0.0,0.0,-1.0,0.9462022921600985,0.0,0.0,0.0,1.0
87,1762835530.9888778,2.0,0.29608532786369324,-0.3167669475078583,0.8978404402732849,58.0,159.0,148.0,158.0,-5.92758321762085,0.2989950180053711,0.05023193359375,516.0,334.0,30.0,131.0,120.0,130.0,1.0,1.0,11.0,329.0,0.0,1.0,0.0,0.0,-0.3228740934385356,0.0,-1.0,0.0,0.008127916940566787,0.0,0.0,-1.0,0.9462630208825874,0.0,0.0,0.0,1.0
88,1762835531.050515,2.0,0.29608532786369324,-0.3167669475078583,0.8983119130134583,57.0,156.0,147.0,156.0,-6.248722076416016,-1.084641933441162,-0.5908362865447998,517.0,337.0,29.0,128.0,119.0,128.0,1.0,1.0,11.0,329.0,0.0,1.0,0.0,0.0,-0.32330652000747606,0.0,-1.0,0.0,0.008655049718984948,0.0,0.0,-1.0,0.9461051096419071,0.0,0.0,0.0,1.0
89,1762835531.1170568,2.0,0.2947997450828552,-0.31644946336746216,0.901638925075531,58.0,155.0,147.0,156.0,-5.828944683074951,0.33113670349121094,-0.4971315860748291,516.0,337.0,30.0,127.0,119.0,128.0,1.0,1.0,11.0,329.0,0.0,1.0,0.0,0.0,-0.3229099931900833,0.0,-1.0,0.0,0.009010849689418024,0.0,0.0,-1.0,0.9462425344579675,0.0,0.0,0.0,1.0
90,1762835531.1801867,2.0,0.2947997450828552,-0.3189953863620758,0.901638925075531,58.0,155.0,147.0,155.0,-6.131282806396484,-0.08974361419677734,-0.5715956687927246,516.0,338.0,30.0,127.0,119.0,127.0,1.0,1.0,11.0,329.0,0.0,1.0,0.0,0.0,-0.32314513187194205,0.0,-1.0,0.0,0.00783864868744453,0.0,0.0,-1.0,0.9461652329191119,0.0,0.0,0.0,1.0
91,1762835531.244338,2.0,0.29608532786369324,-0.32060590386390686,0.8983119130134583,61.0,150.0,150.0,149.0,0.2609996795654297,9.086755752563477,1.2771165370941162,512.0,343.0,34.0,123.0,123.0,122.0,1.0,1.0,11.0,329.0,0.0,1.0,0.0,0.0,-0.32322987973308914,0.0,-1.0,0.0,0.008766055068487193,0.0,0.0,-1.0,0.9461296474603496,0.0,0.0,0.0,1.0
92,1762835531.3080413,2.0,0.30041226744651794,-0.32060590386390686,0.8983119130134583,61.0,150.0,150.0,149.0,0.30487775802612305,12.242521286010742,1.7794077396392822,512.0,344.0,34.0,123.0,123.0,122.0,1.0,1.0,11.0,329.0,0.0,1.0,0.0,0.0,-0.3250668682801031,0.0,-1.0,0.0,0.009278226710341942,0.0,0.0,-1.0,0.9455093783178241,0.0,0.0,0.0,1.0
93,1762835531.3708456,2.0,0.3903866112232208,-0.33574795722961426,0.8567312359809875,60.0,149.0,148.0,149.0,-0.26776933670043945,12.378061294555664,1.8174068927764893,513.0,345.0,33.0,122.0,121.0,122.0,1.0,1.0,11.0,329.0,0.0,1.0,0.0,0.0,-0.3256064161935347,0.0,-1.0,0.0,0.010127333368609416,0.0,0.0,-1.0,0.9453202885630116,0.0,0.0,0.0,1.0
94,1762835531.437207,2.0,0.3903866112232208,-0.33574795722961426,0.8567312359809875,61.0,156.0,150.0,155.0,0.18575716018676758,11.273983001708984,1.668954610824585,511.0,344.0,34.0,129.0,123.0,128.0,1.0,1.0,11.0,329.0,0.0,1.0,0.0,0.0,-0.3255064962741704,0.0,-1.0,0.0,0.011177001973575785,0.0,0.0,-1.0,0.9453413352592954,0.0,0.0,0.0,1.0
95,1762835531.500038,2.0,0.3903866112232208,-0.33574795722961426,0.8567312359809875,62.0,156.0,150.0,156.0,1.4485163688659668,11.166095733642578,1.9368369579315186,510.0,343.0,35.0,129.0,123.0,129.0,1.0,1.0,11.0,329.0,0.0,1.0,0.0,0.0,-0.3268891469509032,0.0,-1.0,0.0,0.01258413434694225,0.0,0.0,-1.0,0.9448450355484903,0.0,0.0,0.0,1.0
96,1762835531.563897,2.0,0.3889460563659668,-0.3370606601238251,0.8596897721290588,60.0,153.0,149.0,153.0,-1.5655746459960938,7.4178314208984375,3.130460023880005,509.0,342.0,33.0,126.0,122.0,126.0,1.0,1.0,11.0,329.0,0.0,1.0,0.0,0.0,-0.32750978009419773,0.0,-1.0,0.0,0.011914234554284555,0.0,0.0,-1.0,0.9446415451544116,0.0,0.0,0.0,1.0
97,1762835531.6239498,2.0,0.361776739358902,-0.3370606601238251,0.8747497797012329,57.0,153.0,147.0,153.0,-0.867835521697998,9.000950813293457,2.2561328411102295,508.0,340.0,30.0,126.0,120.0,126.0,1.0,1.0,11.0,329.0,0.0,1.0,0.0,0.0,-0.32780334328862004,0.0,-1.0,0.0,0.011461032365613957,0.0,0.0,-1.0,0.9445392066319479,0.0,0.0,0.0,1.0
98,1762835531.6847954,2.0,0.28153863549232483,-0.36724457144737244,0.886491596698761,57.0,152.0,145.0,151.0,0.5292525291442871,2.263798236846924,1.1183445453643799,508.0,340.0,30.0,125.0,118.0,124.0,1.0,1.0,11.0,329.0,0.0,1.0,0.0,0.0,-0.328817357765974,0.0,-1.0,0.0,0.009390731239454815,0.0,0.0,-1.0,0.9442174973192453,0.0,0.0,0.0,1.0
99,1762835531.7469594,3.0,-0.11803603917360306,-0.36724457144737244,0.886491596698761,55.0,158.0,144.0,156.0,-1.5735430717468262,10.496414184570312,3.5643346309661865,506.0,335.0,28.0,131.0,117.0,129.0,1.0,1.0,585.0,329.0,0.0,1.0,0.0,0.0,-0.3289303929608939,0.0,-1.0,0.0,0.008708801359102916,0.0,0.0,-1.0,0.9441812215869241,0.0,0.0,0.0,1.0
100,1762835531.8083124,3.0,-0.17355655133724213,-0.36724457144737244,0.886491596698761,54.0,163.0,141.0,160.0,-4.647908687591553,7.8471221923828125,2.330815076828003,505.0,333.0,27.0,136.0,114.0,133.0,1.0,1.0,585.0,329.0,0.0,1.0,0.0,0.0,-0.33067547935948627,0.0,-1.0,0.0,0.007660264672715909,0.0,0.0,-1.0,0.9435798996858883,0.0,0.0,0.0,1.0
101,1762835531.869308,3.0,-0.4359816908836365,-0.3620348870754242,0.8366797566413879,53.0,163.0,141.0,159.0,-3.8420934677124023,8.012253761291504,2.3949954509735107,504.0,333.0,26.0,136.0,114.0,132.0,1.0,1.0,585.0,329.0,0.0,1.0,0.0,0.0,-0.33241333229728864,0.0,-1.0,0.0,0.008281188864298832,0.0,0.0,-1.0,0.9429621831243437,0.0,0.0,0.0,1.0
102,1762835531.929181,3.0,-0.4418509006500244,-0.3472379744052887,0.8207914233207703,53.0,163.0,141.0,158.0,-6.039543151855469,6.748085975646973,1.5025765895843506,504.0,334.0,26.0,136.0,114.0,131.0,1.0,1.0,585.0,329.0,0.0,1.0,0.0,0.0,-0.3331620959883958,0.0,-1.0,0.0,0.00822335635317038,0.0,0.0,-1.0,0.9427003400445284,0.0,0.0,0.0,1.0
103,1762835531.9854987,3.0,-0.4597051441669464,-0.34408432245254517,0.818892776966095,53.0,162.0,141.0,157.0,-7.3489227294921875,6.366851806640625,0.9556057453155518,505.0,336.0,26.0,135.0,114.0,130.0,1.0,1.0,585.0,329.0,0.0,1.0,0.0,0.0,-0.33295382098414533,0.0,-1.0,0.0,0.008979600392343724,0.0,0.0,-1.0,0.942763331229528,0.0,0.0,0.0,1.0
104,1762835532.045104,3.0,-0.47031402587890625,-0.34408432245254517,0.8054760694503784,53.0,160.0,142.0,157.0,-7.291118621826172,7.770254135131836,0.7806229591369629,506.0,337.0,26.0,133.0,115.0,130.0,1.0,1.0,585.0,329.0,0.0,1.0,0.0,0.0,-0.33288907226494047,0.0,-1.0,0.0,0.009742792332864493,0.0,0.0,-1.0,0.9427769273741177,0.0,0.0,0.0,1.0
105,1762835532.0986648,3.0,-0.483757883310318,-0.34408432245254517,0.8054760694503784,54.0,158.0,143.0,156.0,-5.923782825469971,7.5994672775268555,1.836519479751587,505.0,338.0,27.0,131.0,116.0,129.0,1.0,1.0,585.0,329.0,0.0,1.0,0.0,0.0,-0.3318544361374901,0.0,-1.0,0.0,0.009846555877286937,0.0,0.0,-1.0,0.9431385804164043,0.0,0.0,0.0,1.0
106,1762835532.153108,3.0,-0.4857627749443054,-0.34408432245254517,0.8035175800323486,53.0,156.0,142.0,154.0,-6.278887748718262,5.863868713378906,1.0325496196746826,506.0,339.0,26.0,129.0,115.0,127.0,1.0,1.0,585.0,329.0,0.0,1.0,0.0,0.0,-0.3316871529879818,0.0,-1.0,0.0,0.009394059858496858,0.0,0.0,-1.0,0.9432060180438107,0.0,0.0,0.0,1.0
107,1762835532.207654,3.0,-0.4857627749443054,-0.34408432245254517,0.8035175800323486,53.0,155.0,143.0,153.0,-5.236358165740967,6.34724235534668,1.2034075260162354,506.0,340.0,26.0,128.0,116.0,126.0,1.0,1.0,585.0,329.0,0.0,1.0,0.0,0.0,-0.3315476608884106,0.0,-1.0,0.0,0.009235577315506869,0.0,0.0,-1.0,0.9432539278225117,0.0,0.0,0.0,1.0
108,1762835532.2621493,3.0,-0.5045321583747864,-0.3419751226902008,0.7907955646514893,52.0,156.0,141.0,154.0,-5.156573295593262,3.851165771484375,0.4997670650482178,507.0,339.0,25.0,129.0,114.0,127.0,1.0,1.0,585.0,329.0,0.0,1.0,0.0,0.0,-0.3314700266342294,0.0,-1.0,0.0,0.009372772724611804,0.0,0.0,-1.0,0.9432783668536285,0.0,0.0,0.0,1.0
109,1762835532.3229177,3.0,-0.526362419128418,-0.3419751226902008,0.7846364974975586,54.0,157.0,142.0,156.0,-6.040264129638672,5.520952224731445,1.5493357181549072,505.0,338.0,27.0,130.0,115.0,129.0,1.0,1.0,585.0,329.0,0.0,1.0,0.0,0.0,-0.33138337535311124,0.0,-1.0,0.0,0.00903615425230931,0.0,0.0,-1.0,0.9433163183599433,0.0,0.0,0.0,1.0
110,1762835532.3922367,3.0,-0.526362419128418,-0.3465394973754883,0.7846364974975586,55.0,162.0,141.0,163.0,-8.242142677307129,3.3720645904541016,-0.4551217555999756,506.0,336.0,28.0,135.0,114.0,136.0,0.0,0.0,585.0,329.0,0.0,1.0,0.0,0.0,-0.331881945557135,0.0,-1.0,0.0,0.008428455794737095,0.0,0.0,-1.0,0.9431445580370705,0.0,0.0,0.0,1.0
111,1762835532.4530737,3.0,-0.5045321583747864,-0.36902403831481934,0.7907955646514893,56.0,163.0,141.0,162.0,-8.715850830078125,2.7489023208618164,-0.26276659965515137,506.0,336.0,29.0,136.0,114.0,135.0,0.0,0.0,585.0,329.0,0.0,1.0,0.0,0.0,-0.33198191565062973,0.0,-1.0,0.0,0.008911395359532802,0.0,0.0,-1.0,0.943100687942986,0.0,0.0,0.0,1.0
112,1762835532.5135398,3.0,-0.4393436908721924,-0.4069758653640747,0.8008418679237366,54.0,162.0,141.0,161.0,-7.264375686645508,4.900649070739746,0.9188940525054932,505.0,336.0,27.0,135.0,114.0,134.0,1.0,1.0,585.0,329.0,0.0,1.0,0.0,0.0,-0.3321738422138706,0.0,-1.0,0.0,0.008683088736289465,0.0,0.0,-1.0,0.9430387534180921,0.0,0.0,0.0,1.0
113,1762835532.5772371,3.0,-0.4393436908721924,-0.4069758653640747,0.8127300143241882,52.0,161.0,141.0,159.0,-7.096106052398682,3.395564079284668,1.7931907176971436,505.0,336.0,25.0,134.0,114.0,132.0,1.0,1.0,585.0,329.0,0.0,1.0,0.0,0.0,-0.3328172614777457,0.0,-1.0,0.0,0.007609629808332437,0.0,0.0,-1.0,0.9428211827540239,0.0,0.0,0.0,1.0
114,1762835532.6379094,3.0,-0.4393436908721924,-0.4069758653640747,0.8127300143241882,54.0,162.0,142.0,159.0,-7.416640758514404,5.875078201293945,0.8011479377746582,504.0,335.0,27.0,135.0,115.0,132.0,1.0,1.0,585.0,329.0,0.0,1.0,0.0,0.0,-0.332968921026332,0.0,-1.0,0.0,0.007961637721168705,0.0,0.0,-1.0,0.9427677717180956,0.0,0.0,0.0,1.0
115,1762835532.6973119,3.0,-0.4505983293056488,-0.3693658411502838,0.8010121583938599,52.0,160.0,141.0,158.0,-7.474778175354004,4.202764511108398,1.2600958347320557,505.0,336.0,25.0,133.0,114.0,131.0,1.0,1.0,585.0,329.0,0.0,1.0,0.0,0.0,-0.33236396791979844,0.0,-1.0,0.0,0.008040468565988806,0.0,0.0,-1.0,0.9429808830756172,0.0,0.0,0.0,1.0
116,1762835532.7556932,3.0,-0.4596165120601654,-0.35959485173225403,0.8010121583938599,52.0,161.0,141.0,159.0,-8.11960220336914,5.995081901550293,1.775305986404419,505.0,336.0,25.0,134.0,114.0,132.0,1.0,1.0,585.0,329.0,0.0,1.0,0.0,0.0,-0.33287697083528667,0.0,-1.0,0.0,0.007903008332948235,0.0,0.0,-1.0,0.9427991395765574,0.0,0.0,0.0,1.0
117,1762835532.812681,3.0,-0.4786137640476227,-0.35598981380462646,0.8010121583938599,52.0,157.0,142.0,156.0,-6.909642696380615,6.1000566482543945,1.2482635974884033,505.0,337.0,25.0,130.0,115.0,129.0,1.0,1.0,585.0,329.0,0.0,1.0,0.0,0.0,-0.33270794958432376,0.0,-1.0,0.0,0.008214271428464709,0.0,0.0,-1.0,0.9428527315206823,0.0,0.0,0.0,1.0
118,1762835532.8649974,3.0,-0.498462438583374,-0.34692642092704773,0.7904469966888428,53.0,157.0,142.0,156.0,-7.246568202972412,6.118810653686523,1.4579036235809326,505.0,337.0,26.0,130.0,115.0,129.0,1.0,1.0,585.0,329.0,0.0,1.0,0.0,0.0,-0.33233772351896723,0.0,-1.0,0.0,0.008324797767659394,0.0,0.0,-1.0,0.9429871442582365,0.0,0.0,0.0,1.0
119,1762835532.9232469,3.0,-0.4795282185077667,-0.35598981380462646,0.8001889586448669,52.0,159.0,142.0,157.0,-7.77330207824707,6.476251602172852,2.0413033962249756,505.0,337.0,25.0,132.0,115.0,130.0,1.0,1.0,585.0,329.0,0.0,1.0,0.0,0.0,-0.33228707999611184,0.0,-1.0,0.0,0.008213202678299572,0.0,0.0,-1.0,0.9430050896607719,0.0,0.0,0.0,1.0
120,1762835532.976565,3.0,-0.498462438583374,-0.3473108410835266,0.7904469966888428,52.0,157.0,142.0,156.0,-6.766951560974121,5.790379524230957,1.247018575668335,506.0,337.0,25.0,130.0,115.0,129.0,1.0,1.0,585.0,329.0,0.0,1.0,0.0,0.0,-0.33212563592510636,0.0,-1.0,0.0,0.008423869835723154,0.0,0.0,-1.0,0.943056936184836,0.0,0.0,0.0,1.0
121,1762835533.0324225,3.0,-0.5071284174919128,-0.3473108410835266,0.7887939214706421,53.0,156.0,142.0,155.0,-7.115814208984375,7.4040069580078125,1.809812307357788,505.0,338.0,26.0,129.0,115.0,128.0,1.0,1.0,585.0,329.0,0.0,1.0,0.0,0.0,-0.3323502937891353,0.0,-1.0,0.0,0.009033791728867004,0.0,0.0,-1.0,0.9429765096699024,0.0,0.0,0.0,1.0
122,1762835533.0912201,3.0,-0.5206780433654785,-0.3473108410835266,0.7817216515541077,52.0,159.0,140.0,157.0,-7.966133117675781,7.178232192993164,1.6749475002288818,506.0,337.0,25.0,132.0,113.0,130.0,1.0,1.0,585.0,329.0,0.0,1.0,0.0,0.0,-0.33227264437991366,0.0,-1.0,0.0,0.009025681207398084,0.0,0.0,-1.0,0.9430024687938845,0.0,0.0,0.0,1.0
123,1762835533.1431396,3.0,-0.5071284174919128,-0.35698816180229187,0.7887939214706421,54.0,158.0,143.0,157.0,-7.244173049926758,3.765962600708008,1.2876832485198975,505.0,336.0,27.0,131.0,116.0,130.0,1.0,1.0,585.0,329.0,0.0,1.0,0.0,0.0,-0.33235758489357475,0.0,-1.0,0.0,0.008673520043383618,0.0,0.0,-1.0,0.9429774116740639,0.0,0.0,0.0,1.0
124,1762835533.195739,3.0,-0.5071284174919128,-0.3473108410835266,0.7887939214706421,53.0,157.0,143.0,156.0,-6.257901191711426,5.248125076293945,1.0453393459320068,505.0,337.0,26.0,130.0,116.0,129.0,1.0,1.0,585.0,329.0,0.0,1.0,0.0,0.0,-0.33242067663575947,0.0,-1.0,0.0,0.008583216143403315,0.0,0.0,-1.0,0.9429543801672274,0.0,0.0,0.0,1.0
125,1762835533.250473,3.0,-0.251844197511673,-0.3435544967651367,0.9149931073188782,54.0,157.0,142.0,155.0,-6.43170166015625,3.5465192794799805,0.9158289432525635,505.0,337.0,27.0,130.0,115.0,128.0,1.0,1.0,585.0,329.0,0.0,1.0,0.0,0.0,-0.33225393886479576,0.0,-1.0,0.0,0.009062325230056414,0.0,0.0,-1.0,0.9430083587768998,0.0,0.0,0.0,1.0
126,1762835533.3079014,3.0,-0.19479753077030182,-0.3330846428871155,0.9214559197425842,54.0,159.0,142.0,157.0,-6.426565647125244,3.730255126953125,2.0816104412078857,505.0,336.0,27.0,132.0,115.0,130.0,1.0,1.0,585.0,329.0,0.0,1.0,0.0,0.0,-0.3323967374329712,0.0,-1.0,0.0,0.009414392799376834,0.0,0.0,-1.0,0.9429586828517186,0.0,0.0,0.0,1.0
127,1762835533.3641062,3.0,-0.18800793588161469,-0.3268676698207855,0.9225554466247559,54.0,156.0,143.0,154.0,-6.26025390625,5.72760009765625,-0.03985905647277832,505.0,338.0,27.0,129.0,116.0,127.0,1.0,1.0,585.0,329.0,0.0,1.0,0.0,0.0,-0.3328216794310168,0.0,-1.0,0.0,0.008858354334140933,0.0,0.0,-1.0,0.9428145389247498,0.0,0.0,0.0,1.0
128,1762835533.4238713,3.0,-0.1700000911951065,-0.32083186507225037,0.9310047030448914,55.0,157.0,143.0,155.0,-5.676294326782227,4.856407165527344,1.139411211013794,504.0,337.0,28.0,130.0,116.0,128.0,1.0,1.0,585.0,329.0,0.0,1.0,0.0,0.0,-0.33271285653414473,0.0,-1.0,0.0,0.009001913648413771,0.0,0.0,-1.0,0.9428438848400511,0.0,0.0,0.0,1.0
129,1762835533.4866028,3.0,-0.16244280338287354,-0.3097518980503082,0.9370468258857727,54.0,155.0,143.0,154.0,-5.261445045471191,4.836853981018066,1.5625674724578857,505.0,338.0,27.0,128.0,116.0,127.0,1.0,1.0,585.0,329.0,0.0,1.0,0.0,0.0,-0.33299114019546455,0.0,-1.0,0.0,0.008678469612830062,0.0,0.0,-1.0,0.9427537437360509,0.0,0.0,0.0,1.0
130,1762835533.5566416,3.0,-0.16123582422733307,-0.3097518980503082,0.9384196996688843,54.0,155.0,144.0,155.0,-4.465387344360352,3.179266929626465,1.9855782985687256,505.0,337.0,27.0,128.0,117.0,128.0,1.0,1.0,585.0,329.0,0.0,1.0,0.0,0.0,-0.33239830900710066,0.0,-1.0,0.0,0.008630744846215482,0.0,0.0,-1.0,0.9429593010552566,0.0,0.0,0.0,1.0
131,1762835533.6187952,3.0,-0.12820036709308624,-0.2891387939453125,0.9420714974403381,55.0,155.0,144.0,154.0,-5.03691291809082,3.75331974029541,0.8679521083831787,505.0,337.0,28.0,128.0,117.0,127.0,1.0,1.0,585.0,329.0,0.0,1.0,0.0,0.0,-0.3326550795283564,0.0,-1.0,0.0,0.007966275325879546,0.0,0.0,-1.0,0.9428725552023829,0.0,0.0,0.0,1.0
132,1762835533.6803055,3.0,0.09619461745023727,-0.26630645990371704,0.9581941366195679,54.0,154.0,143.0,153.0,-5.392282962799072,3.496537208557129,1.5330026149749756,505.0,337.0,27.0,127.0,116.0,126.0,1.0,1.0,585.0,329.0,0.0,1.0,0.0,0.0,-0.33281810054850014,0.0,-1.0,0.0,0.007961811704844467,0.0,0.0,-1.0,0.9428180449171246,0.0,0.0,0.0,1.0
