,Timestamp,idx,gaze_x,gaze_y,gaze_z,REyePos_x,REyePos_y,LEyePos_x,LEyePos_y,yaw,pitch,roll,HeadBox_xmin,HeadBox_ymin,RightEyeBox_xmin,RightEyeBox_ymin,LeftEyeBox_xmin,LeftEyeBox_ymin,ROpenClose,LOpenClose,set_x,set_y,set_z,WTransG,WTransG,WTransG,WTransG,WTransG,WTransG,WTransG,WTransG,WTransG,WTransG,WTransG,WTransG,WTransG,WTransG,WTransG,WTransG
0,1765339861.0816286,0.0,0.6716213822364807,0.11051419377326965,0.7307400107383728,66.0,133.0,139.0,132.0,15.139892578125,-5.77048921585083,6.707338333129883,571.0,415.0,44.0,111.0,117.0,110.0,1.0,1.0,11.0,6.0,0.0,1.0,0.0,0.0,-0.1796768691005018,0.0,-1.0,0.0,0.004960572194823189,0.0,0.0,-1.0,0.9836341690379818,0.0,0.0,0.0,1.0
1,1765339861.1130528,0.0,0.6794681549072266,0.12224458903074265,0.7233431339263916,65.0,132.0,139.0,132.0,13.720621109008789,-4.896078109741211,5.737218856811523,572.0,416.0,43.0,110.0,117.0,110.0,1.0,1.0,11.0,6.0,0.0,1.0,0.0,0.0,-0.1796768691005018,0.0,-1.0,0.0,0.004960572194823189,0.0,0.0,-1.0,0.9836341690379818,0.0,0.0,0.0,1.0
2,1765339861.140672,0.0,0.6794681549072266,0.12125817686319351,0.7233431339263916,66.0,133.0,139.0,133.0,14.366352081298828,-4.359858512878418,6.301863670349121,571.0,415.0,44.0,111.0,117.0,111.0,1.0,1.0,11.0,6.0,0.0,1.0,0.0,0.0,-0.1796768691005018,0.0,-1.0,0.0,0.004960572194823189,0.0,0.0,-1.0,0.9836341690379818,0.0,0.0,0.0,1.0
3,1765339861.1902237,0.0,0.6857860684394836,0.12125817686319351,0.71473228931427,65.0,133.0,138.0,133.0,14.453310012817383,-5.8048577308654785,5.867865562438965,572.0,415.0,43.0,111.0,116.0,111.0,1.0,1.0,11.0,6.0,0.0,1.0,0.0,0.0,-0.1796768691005018,0.0,-1.0,0.0,0.004960572194823189,0.0,0.0,-1.0,0.9836341690379818,0.0,0.0,0.0,1.0
4,1765339861.221686,0.0,0.6936944723129272,0.12038671225309372,0.7143869996070862,65.0,132.0,138.0,131.0,15.348779678344727,-4.7779951095581055,5.381760597229004,572.0,416.0,43.0,110.0,116.0,109.0,1.0,1.0,11.0,6.0,0.0,1.0,0.0,0.0,-0.1796768691005018,0.0,-1.0,0.0,0.004960572194823189,0.0,0.0,-1.0,0.9836341690379818,0.0,0.0,0.0,1.0
5,1765339861.2539206,0.0,0.6870293617248535,0.12125817686319351,0.7143869996070862,66.0,133.0,139.0,132.0,17.184837341308594,-3.3638625144958496,6.128173828125,571.0,415.0,44.0,111.0,117.0,110.0,1.0,1.0,11.0,6.0,0.0,1.0,0.0,0.0,-0.1796768691005018,0.0,-1.0,0.0,0.004960572194823189,0.0,0.0,-1.0,0.9836341690379818,0.0,0.0,0.0,1.0
6,1765339861.2857866,0.0,0.6936944723129272,0.12125817686319351,0.7126641273498535,66.0,133.0,139.0,132.0,15.290679931640625,-4.6847052574157715,6.559057235717773,571.0,415.0,44.0,111.0,117.0,110.0,1.0,1.0,11.0,6.0,0.0,1.0,0.0,0.0,-0.1796768691005018,0.0,-1.0,0.0,0.004960572194823189,0.0,0.0,-1.0,0.9836341690379818,0.0,0.0,0.0,1.0
7,1765339861.3166513,0.0,0.6976954340934753,0.13154497742652893,0.7062068581581116,65.0,132.0,138.0,131.0,16.333438873291016,-3.768664598464966,5.392587661743164,572.0,416.0,43.0,110.0,116.0,109.0,1.0,1.0,11.0,6.0,0.0,1.0,0.0,0.0,-0.1796768691005018,0.0,-1.0,0.0,0.004960572194823189,0.0,0.0,-1.0,0.9836341690379818,0.0,0.0,0.0,1.0
8,1765339861.351717,0.0,0.6980420351028442,0.13559958338737488,0.7020688056945801,65.0,133.0,138.0,132.0,15.440881729125977,-3.424213171005249,5.255829811096191,572.0,415.0,43.0,111.0,116.0,110.0,1.0,1.0,11.0,6.0,0.0,1.0,0.0,0.0,-0.1796768691005018,0.0,-1.0,0.0,0.004960572194823189,0.0,0.0,-1.0,0.9836341690379818,0.0,0.0,0.0,1.0
9,1765339861.383118,0.0,0.6980420351028442,0.14084278047084808,0.7020688056945801,66.0,133.0,139.0,133.0,14.530887603759766,-3.5423221588134766,5.644294738769531,571.0,415.0,43.0,110.0,116.0,110.0,1.0,1.0,11.0,6.0,0.0,1.0,0.0,0.0,-0.1796768691005018,0.0,-1.0,0.0,0.004960572194823189,0.0,0.0,-1.0,0.9836341690379818,0.0,0.0,0.0,1.0
10,1765339861.4135494,0.0,0.7018213868141174,0.13559958338737488,0.7010763883590698,65.0,133.0,138.0,133.0,13.762420654296875,-4.713212013244629,5.4987335205078125,572.0,414.0,43.0,111.0,116.0,111.0,1.0,1.0,11.0,6.0,0.0,1.0,0.0,0.0,-0.1796768691005018,0.0,-1.0,0.0,0.004960572194823189,0.0,0.0,-1.0,0.9836341690379818,0.0,0.0,0.0,1.0
11,1765339861.445838,0.0,0.6980420351028442,0.14084278047084808,0.7020688056945801,66.0,133.0,139.0,132.0,14.410663604736328,-3.0791001319885254,6.073383331298828,571.0,415.0,43.0,110.0,116.0,109.0,1.0,1.0,11.0,6.0,0.0,1.0,0.0,0.0,-0.1796768691005018,0.0,-1.0,0.0,0.004960572194823189,0.0,0.0,-1.0,0.9836341690379818,0.0,0.0,0.0,1.0
12,1765339861.4781501,0.0,0.6856781244277954,0.14084278047084808,0.7136317491531372,66.0,133.0,139.0,132.0,14.5479736328125,-5.224598407745361,6.317144393920898,571.0,415.0,44.0,111.0,117.0,110.0,1.0,1.0,11.0,6.0,0.0,1.0,0.0,0.0,-0.1796768691005018,0.0,-1.0,0.0,0.004960572194823189,0.0,0.0,-1.0,0.9836341690379818,0.0,0.0,0.0,1.0
13,1765339861.5116155,0.0,0.6856781244277954,0.14344076812267303,0.7136317491531372,66.0,133.0,139.0,133.0,14.85860824584961,-4.840712547302246,5.969882965087891,571.0,415.0,43.0,110.0,116.0,110.0,1.0,1.0,11.0,6.0,0.0,1.0,0.0,0.0,-0.1796768691005018,0.0,-1.0,0.0,0.004960572194823189,0.0,0.0,-1.0,0.9836341690379818,0.0,0.0,0.0,1.0
14,1765339861.544122,0.0,0.6856781244277954,0.13592186570167542,0.7136317491531372,65.0,133.0,138.0,133.0,15.024066925048828,-3.338615894317627,5.322624206542969,572.0,415.0,43.0,111.0,116.0,111.0,1.0,1.0,11.0,6.0,0.0,1.0,0.0,0.0,-0.1796768691005018,0.0,-1.0,0.0,0.004960572194823189,0.0,0.0,-1.0,0.9836341690379818,0.0,0.0,0.0,1.0
15,1765339861.575468,0.0,0.6854345202445984,0.13592186570167542,0.7153353691101074,66.0,133.0,138.0,132.0,16.128765106201172,-2.7625808715820312,5.635497093200684,571.0,415.0,44.0,111.0,116.0,110.0,1.0,1.0,11.0,6.0,0.0,1.0,0.0,0.0,-0.1796768691005018,0.0,-1.0,0.0,0.004960572194823189,0.0,0.0,-1.0,0.9836341690379818,0.0,0.0,0.0,1.0
16,1765339861.620869,0.0,0.6833531260490417,0.1348240077495575,0.7193574905395508,66.0,133.0,139.0,132.0,15.078842163085938,-2.583676815032959,5.301515579223633,571.0,415.0,43.0,110.0,116.0,109.0,1.0,1.0,11.0,6.0,0.0,1.0,0.0,0.0,-0.1796768691005018,0.0,-1.0,0.0,0.004960572194823189,0.0,0.0,-1.0,0.9836341690379818,0.0,0.0,0.0,1.0
17,1765339861.6531043,0.0,0.680508017539978,0.13592186570167542,0.7229047417640686,66.0,133.0,138.0,133.0,14.680717468261719,-2.7259485721588135,5.035738945007324,571.0,415.0,43.0,110.0,115.0,110.0,1.0,1.0,11.0,6.0,0.0,1.0,0.0,0.0,-0.1796768691005018,0.0,-1.0,0.0,0.004960572194823189,0.0,0.0,-1.0,0.9836341690379818,0.0,0.0,0.0,1.0
18,1765339861.6858466,0.0,0.679412305355072,0.1348240077495575,0.7229047417640686,65.0,133.0,138.0,133.0,13.063531875610352,-6.024378776550293,6.077733993530273,572.0,414.0,43.0,111.0,116.0,111.0,1.0,1.0,11.0,6.0,0.0,1.0,0.0,0.0,-0.1796768691005018,0.0,-1.0,0.0,0.004960572194823189,0.0,0.0,-1.0,0.9836341690379818,0.0,0.0,0.0,1.0
19,1765339861.7193458,0.0,0.6680329442024231,0.13419683277606964,0.7318158745765686,66.0,133.0,139.0,133.0,15.30946159362793,-4.314045429229736,5.602094650268555,571.0,414.0,43.0,110.0,116.0,110.0,1.0,1.0,11.0,6.0,0.0,1.0,0.0,0.0,-0.1796768691005018,0.0,-1.0,0.0,0.004960572194823189,0.0,0.0,-1.0,0.9836341690379818,0.0,0.0,0.0,1.0
20,1765339861.7497385,0.0,0.6670708656311035,0.1348240077495575,0.7318158745765686,66.0,132.0,139.0,132.0,14.955020904541016,-2.984886646270752,5.378918647766113,571.0,415.0,43.0,109.0,116.0,109.0,1.0,1.0,11.0,6.0,0.0,1.0,0.0,0.0,-0.1796768691005018,0.0,-1.0,0.0,0.004960572194823189,0.0,0.0,-1.0,0.9836341690379818,0.0,0.0,0.0,1.0
21,1765339861.7865121,0.0,0.6670708656311035,0.13804441690444946,0.7301517724990845,65.0,132.0,139.0,132.0,14.528545379638672,-1.8646345138549805,5.285350799560547,571.0,415.0,42.0,109.0,116.0,109.0,1.0,1.0,11.0,6.0,0.0,1.0,0.0,0.0,-0.1796768691005018,0.0,-1.0,0.0,0.004960572194823189,0.0,0.0,-1.0,0.9836341690379818,0.0,0.0,0.0,1.0
22,1765339861.813166,0.0,0.6689221858978271,0.14217215776443481,0.7281414866447449,66.0,133.0,139.0,133.0,15.052675247192383,-3.670413017272949,5.553478240966797,571.0,414.0,43.0,110.0,116.0,110.0,1.0,1.0,11.0,6.0,0.0,1.0,0.0,0.0,-0.1796768691005018,0.0,-1.0,0.0,0.004960572194823189,0.0,0.0,-1.0,0.9836341690379818,0.0,0.0,0.0,1.0
23,1765339861.8449156,0.0,0.6689221858978271,0.14796915650367737,0.7281414866447449,65.0,132.0,138.0,132.0,14.546005249023438,-3.628993511199951,4.6238813400268555,572.0,416.0,43.0,110.0,116.0,110.0,1.0,1.0,11.0,6.0,0.0,1.0,0.0,0.0,-0.1796768691005018,0.0,-1.0,0.0,0.004960572194823189,0.0,0.0,-1.0,0.9836341690379818,0.0,0.0,0.0,1.0
24,1765339861.8787506,0.0,0.6715924739837646,0.14950954914093018,0.7261567711830139,66.0,132.0,139.0,132.0,15.965770721435547,-4.062985897064209,5.662164688110352,571.0,415.0,43.0,109.0,116.0,109.0,1.0,1.0,11.0,6.0,0.0,1.0,0.0,0.0,-0.1796768691005018,0.0,-1.0,0.0,0.004960572194823189,0.0,0.0,-1.0,0.9836341690379818,0.0,0.0,0.0,1.0
25,1765339861.909332,0.0,0.6715924739837646,0.14950954914093018,0.7261567711830139,66.0,133.0,139.0,132.0,15.223567962646484,-3.01395320892334,5.4483642578125,571.0,415.0,43.0,110.0,116.0,109.0,1.0,1.0,11.0,6.0,0.0,1.0,0.0,0.0,-0.1796768691005018,0.0,-1.0,0.0,0.004960572194823189,0.0,0.0,-1.0,0.9836341690379818,0.0,0.0,0.0,1.0
26,1765339861.951857,0.0,0.6715924739837646,0.14950954914093018,0.7281414866447449,66.0,133.0,139.0,132.0,14.474246978759766,-2.6862053871154785,5.018259048461914,571.0,415.0,43.0,110.0,116.0,109.0,1.0,1.0,11.0,6.0,0.0,1.0,0.0,0.0,-0.1796768691005018,0.0,-1.0,0.0,0.004960572194823189,0.0,0.0,-1.0,0.9836341690379818,0.0,0.0,0.0,1.0
27,1765339861.9786012,0.0,0.6715924739837646,0.13304725289344788,0.730355978012085,67.0,134.0,140.0,133.0,15.327892303466797,-1.5213065147399902,6.106388092041016,570.0,414.0,44.0,111.0,117.0,110.0,1.0,1.0,11.0,6.0,0.0,1.0,0.0,0.0,-0.1796768691005018,0.0,-1.0,0.0,0.004960572194823189,0.0,0.0,-1.0,0.9836341690379818,0.0,0.0,0.0,1.0
28,1765339862.0239103,0.0,0.6660124063491821,0.1217520534992218,0.7339794039726257,66.0,133.0,138.0,132.0,13.885379791259766,-3.321892261505127,5.235179901123047,571.0,415.0,43.0,110.0,115.0,109.0,1.0,1.0,11.0,6.0,0.0,1.0,0.0,0.0,-0.1796768691005018,0.0,-1.0,0.0,0.004960572194823189,0.0,0.0,-1.0,0.9836341690379818,0.0,0.0,0.0,1.0
29,1765339862.0557034,0.0,0.6650369763374329,0.1217520534992218,0.7398240566253662,65.0,132.0,139.0,132.0,15.398538589477539,-0.7672767639160156,5.528053283691406,571.0,415.0,42.0,109.0,116.0,109.0,1.0,1.0,11.0,6.0,0.0,1.0,0.0,0.0,-0.1796768691005018,0.0,-1.0,0.0,0.004960572194823189,0.0,0.0,-1.0,0.9836341690379818,0.0,0.0,0.0,1.0
30,1765339862.0891683,0.0,0.6650369763374329,0.1217520534992218,0.7398240566253662,66.0,133.0,139.0,133.0,15.054061889648438,-2.737398147583008,5.8511810302734375,571.0,414.0,43.0,110.0,116.0,110.0,1.0,1.0,11.0,6.0,0.0,1.0,0.0,0.0,-0.1796768691005018,0.0,-1.0,0.0,0.004960572194823189,0.0,0.0,-1.0,0.9836341690379818,0.0,0.0,0.0,1.0
31,1765339862.1214924,0.0,0.6650369763374329,0.1261567920446396,0.7398240566253662,65.0,133.0,139.0,132.0,13.868738174438477,-3.5489180088043213,4.916643142700195,571.0,415.0,42.0,110.0,116.0,109.0,1.0,1.0,11.0,6.0,0.0,1.0,0.0,0.0,-0.1796768691005018,0.0,-1.0,0.0,0.004960572194823189,0.0,0.0,-1.0,0.9836341690379818,0.0,0.0,0.0,1.0
32,1765339862.1520908,0.0,0.6507755517959595,0.1415102332830429,0.7459664940834045,65.0,132.0,138.0,132.0,14.007551193237305,-1.3107142448425293,5.098140716552734,571.0,415.0,42.0,109.0,115.0,109.0,1.0,1.0,11.0,6.0,0.0,1.0,0.0,0.0,-0.1796768691005018,0.0,-1.0,0.0,0.004960572194823189,0.0,0.0,-1.0,0.9836341690379818,0.0,0.0,0.0,1.0
33,1765339862.1837132,0.0,0.6754851341247559,0.1415102332830429,0.72650146484375,64.0,132.0,138.0,132.0,14.457889556884766,-3.0659732818603516,5.660120964050293,571.0,415.0,41.0,109.0,115.0,109.0,1.0,1.0,11.0,6.0,0.0,1.0,0.0,0.0,-0.1796768691005018,0.0,-1.0,0.0,0.004960572194823189,0.0,0.0,-1.0,0.9836341690379818,0.0,0.0,0.0,1.0
34,1765339862.21618,0.0,0.6790996193885803,0.13608042895793915,0.7218722105026245,65.0,132.0,138.0,131.0,14.697063446044922,-3.2503623962402344,5.1202802658081055,571.0,416.0,42.0,109.0,115.0,108.0,1.0,1.0,11.0,6.0,0.0,1.0,0.0,0.0,-0.1796768691005018,0.0,-1.0,0.0,0.004960572194823189,0.0,0.0,-1.0,0.9836341690379818,0.0,0.0,0.0,1.0
35,1765339862.2481577,0.0,0.6790996193885803,0.14270736277103424,0.7218722105026245,66.0,133.0,139.0,132.0,14.64997673034668,-1.6430001258850098,5.141656875610352,571.0,414.0,43.0,110.0,116.0,109.0,1.0,1.0,11.0,6.0,0.0,1.0,0.0,0.0,-0.1796768691005018,0.0,-1.0,0.0,0.004960572194823189,0.0,0.0,-1.0,0.9836341690379818,0.0,0.0,0.0,1.0
36,1765339862.2808552,0.0,0.6790996193885803,0.14270736277103424,0.7218722105026245,66.0,133.0,139.0,132.0,14.697664260864258,-2.70182466506958,5.04698371887207,571.0,415.0,43.0,110.0,116.0,109.0,1.0,1.0,11.0,6.0,0.0,1.0,0.0,0.0,-0.1796768691005018,0.0,-1.0,0.0,0.004960572194823189,0.0,0.0,-1.0,0.9836341690379818,0.0,0.0,0.0,1.0
37,1765339862.3104286,0.0,0.6824338436126709,0.14356820285320282,0.7164884805679321,65.0,133.0,139.0,133.0,14.982324600219727,-2.805121421813965,5.24594783782959,571.0,414.0,42.0,110.0,116.0,110.0,1.0,1.0,11.0,6.0,0.0,1.0,0.0,0.0,-0.1796768691005018,0.0,-1.0,0.0,0.004960572194823189,0.0,0.0,-1.0,0.9836341690379818,0.0,0.0,0.0,1.0
38,1765339862.3440318,0.0,0.6824338436126709,0.14356820285320282,0.7164884805679321,66.0,133.0,139.0,133.0,15.309959411621094,-2.608541488647461,5.486841201782227,571.0,414.0,43.0,110.0,116.0,110.0,1.0,1.0,11.0,6.0,0.0,1.0,0.0,0.0,-0.1796768691005018,0.0,-1.0,0.0,0.004960572194823189,0.0,0.0,-1.0,0.9836341690379818,0.0,0.0,0.0,1.0
39,1765339862.3750944,0.0,0.6710616946220398,0.14356820285320282,0.7280097603797913,66.0,134.0,139.0,133.0,14.37413215637207,-1.9105074405670166,4.936567306518555,571.0,414.0,43.0,111.0,116.0,110.0,1.0,1.0,11.0,6.0,0.0,1.0,0.0,0.0,-0.1796768691005018,0.0,-1.0,0.0,0.004960572194823189,0.0,0.0,-1.0,0.9836341690379818,0.0,0.0,0.0,1.0
40,1765339862.4212976,0.0,0.6710616946220398,0.14219439029693604,0.7280097603797913,66.0,133.0,139.0,133.0,14.758615493774414,-2.304403305053711,5.108033180236816,571.0,414.0,43.0,110.0,116.0,110.0,1.0,1.0,11.0,6.0,0.0,1.0,0.0,0.0,-0.1796768691005018,0.0,-1.0,0.0,0.004960572194823189,0.0,0.0,-1.0,0.9836341690379818,0.0,0.0,0.0,1.0
41,1765339862.4530642,0.0,0.6633123159408569,0.14219439029693604,0.7348846793174744,65.0,133.0,139.0,133.0,14.469491958618164,-2.3859124183654785,4.979219436645508,571.0,414.0,42.0,110.0,116.0,110.0,1.0,1.0,11.0,6.0,0.0,1.0,0.0,0.0,-0.1796768691005018,0.0,-1.0,0.0,0.004960572194823189,0.0,0.0,-1.0,0.9836341690379818,0.0,0.0,0.0,1.0
42,1765339862.48585,0.0,0.6633123159408569,0.14219439029693604,0.7348846793174744,65.0,132.0,139.0,132.0,13.848731994628906,-3.3398218154907227,5.416110992431641,571.0,415.0,42.0,109.0,116.0,109.0,1.0,1.0,11.0,6.0,0.0,1.0,0.0,0.0,-0.1796768691005018,0.0,-1.0,0.0,0.004960572194823189,0.0,0.0,-1.0,0.9836341690379818,0.0,0.0,0.0,1.0
43,1765339862.519006,0.0,0.6710616946220398,0.1431235373020172,0.7280097603797913,65.0,133.0,139.0,133.0,14.550621032714844,-2.2670516967773438,5.184096336364746,571.0,414.0,42.0,110.0,116.0,110.0,1.0,1.0,11.0,6.0,0.0,1.0,0.0,0.0,-0.1796768691005018,0.0,-1.0,0.0,0.004960572194823189,0.0,0.0,-1.0,0.9836341690379818,0.0,0.0,0.0,1.0
44,1765339862.55089,0.0,0.677340030670166,0.1431235373020172,0.7234878540039062,65.0,133.0,139.0,132.0,14.624874114990234,-3.0938282012939453,5.158176422119141,571.0,415.0,42.0,110.0,116.0,109.0,1.0,1.0,11.0,6.0,0.0,1.0,0.0,0.0,-0.1796768691005018,0.0,-1.0,0.0,0.004960572194823189,0.0,0.0,-1.0,0.9836341690379818,0.0,0.0,0.0,1.0
45,1765339863.113639,1.0,-0.034606579691171646,0.09962939471006393,0.9942158460617065,58.0,135.0,131.0,134.0,13.119647979736328,3.9933853149414062,4.741311073303223,571.0,414.0,35.0,112.0,108.0,111.0,1.0,1.0,585.0,6.0,0.0,1.0,0.0,0.0,-0.1796768691005018,0.0,-1.0,0.0,0.004960572194823189,0.0,0.0,-1.0,0.9836341690379818,0.0,0.0,0.0,1.0
46,1765339863.1439452,1.0,-0.034606579691171646,0.1079731211066246,0.9937307834625244,57.0,133.0,131.0,132.0,12.905046463012695,5.954510688781738,5.081819534301758,571.0,415.0,34.0,110.0,108.0,109.0,1.0,1.0,585.0,6.0,0.0,1.0,0.0,0.0,-0.1796768691005018,0.0,-1.0,0.0,0.004960572194823189,0.0,0.0,-1.0,0.9836341690379818,0.0,0.0,0.0,1.0
47,1765339863.1722791,1.0,-0.02899828366935253,0.10166536271572113,0.9942158460617065,57.0,133.0,131.0,132.0,13.324676513671875,5.548757553100586,4.604250907897949,571.0,415.0,34.0,110.0,108.0,109.0,1.0,1.0,585.0,6.0,0.0,1.0,0.0,0.0,-0.1796768691005018,0.0,-1.0,0.0,0.004960572194823189,0.0,0.0,-1.0,0.9836341690379818,0.0,0.0,0.0,1.0
48,1765339863.220272,1.0,-0.02459690533578396,0.10166536271572113,0.9947448372840881,57.0,133.0,131.0,133.0,13.746589660644531,4.7200117111206055,4.481749534606934,571.0,415.0,34.0,110.0,108.0,110.0,1.0,1.0,585.0,6.0,0.0,1.0,0.0,0.0,-0.1796768691005018,0.0,-1.0,0.0,0.004960572194823189,0.0,0.0,-1.0,0.9836341690379818,0.0,0.0,0.0,1.0
49,1765339863.253459,1.0,-0.02899828366935253,0.10166536271572113,0.9947448372840881,57.0,132.0,132.0,133.0,12.072898864746094,5.131192207336426,4.097808837890625,570.0,415.0,34.0,109.0,109.0,110.0,1.0,1.0,585.0,6.0,0.0,1.0,0.0,0.0,-0.1796768691005018,0.0,-1.0,0.0,0.004960572194823189,0.0,0.0,-1.0,0.9836341690379818,0.0,0.0,0.0,1.0
50,1765339863.285152,1.0,-0.02899828366935253,0.10166536271572113,0.9947448372840881,56.0,132.0,131.0,132.0,11.67013168334961,3.600985527038574,4.493267059326172,571.0,416.0,33.0,109.0,108.0,109.0,1.0,1.0,585.0,6.0,0.0,1.0,0.0,0.0,-0.1796768691005018,0.0,-1.0,0.0,0.004960572194823189,0.0,0.0,-1.0,0.9836341690379818,0.0,0.0,0.0,1.0
51,1765339863.3175175,1.0,-0.03753487020730972,0.09423433989286423,0.9953259825706482,58.0,133.0,132.0,133.0,13.388187408447266,5.379657745361328,4.425332069396973,570.0,415.0,35.0,110.0,109.0,110.0,1.0,1.0,585.0,6.0,0.0,1.0,0.0,0.0,-0.1796768691005018,0.0,-1.0,0.0,0.004960572194823189,0.0,0.0,-1.0,0.9836341690379818,0.0,0.0,0.0,1.0
52,1765339863.3496573,1.0,-0.03816111758351326,0.09423433989286423,0.9953259825706482,57.0,133.0,131.0,134.0,12.921552658081055,4.13621711730957,4.4305009841918945,571.0,414.0,34.0,110.0,108.0,111.0,1.0,1.0,585.0,6.0,0.0,1.0,0.0,0.0,-0.1796768691005018,0.0,-1.0,0.0,0.004960572194823189,0.0,0.0,-1.0,0.9836341690379818,0.0,0.0,0.0,1.0
53,1765339863.3917997,1.0,-0.06269214302301407,0.10242050886154175,0.9927636384963989,57.0,132.0,131.0,133.0,11.53265380859375,3.191248893737793,4.31020450592041,571.0,415.0,34.0,109.0,108.0,110.0,1.0,1.0,585.0,6.0,0.0,1.0,0.0,0.0,-0.1796768691005018,0.0,-1.0,0.0,0.004960572194823189,0.0,0.0,-1.0,0.9836341690379818,0.0,0.0,0.0,1.0
54,1765339863.417381,1.0,-0.06656324863433838,0.10725647956132889,0.9911047220230103,57.0,132.0,132.0,132.0,12.149524688720703,3.3156070709228516,4.639631271362305,570.0,415.0,34.0,109.0,109.0,109.0,1.0,1.0,585.0,6.0,0.0,1.0,0.0,0.0,-0.1796768691005018,0.0,-1.0,0.0,0.004960572194823189,0.0,0.0,-1.0,0.9836341690379818,0.0,0.0,0.0,1.0
55,1765339863.4482646,1.0,-0.06656324863433838,0.12290546298027039,0.9908957481384277,57.0,133.0,131.0,133.0,13.406929016113281,4.715740203857422,4.448694229125977,570.0,414.0,34.0,110.0,108.0,110.0,1.0,1.0,585.0,6.0,0.0,1.0,0.0,0.0,-0.1796768691005018,0.0,-1.0,0.0,0.004960572194823189,0.0,0.0,-1.0,0.9836341690379818,0.0,0.0,0.0,1.0
56,1765339863.479271,1.0,-0.07878757268190384,0.12290546298027039,0.9894652366638184,57.0,132.0,131.0,132.0,10.558521270751953,4.782207489013672,3.896225690841675,570.0,415.0,34.0,109.0,108.0,109.0,1.0,1.0,585.0,6.0,0.0,1.0,0.0,0.0,-0.1796768691005018,0.0,-1.0,0.0,0.004960572194823189,0.0,0.0,-1.0,0.9836341690379818,0.0,0.0,0.0,1.0
57,1765339863.5113637,1.0,-0.06656324863433838,0.12290546298027039,0.9894652366638184,57.0,133.0,131.0,133.0,12.050151824951172,5.469844818115234,3.922656774520874,570.0,414.0,34.0,110.0,108.0,110.0,1.0,1.0,585.0,6.0,0.0,1.0,0.0,0.0,-0.1796768691005018,0.0,-1.0,0.0,0.004960572194823189,0.0,0.0,-1.0,0.9836341690379818,0.0,0.0,0.0,1.0
58,1765339863.543201,1.0,-0.06656324863433838,0.12290546298027039,0.9894652366638184,57.0,132.0,131.0,133.0,12.430620193481445,4.626136779785156,3.8078601360321045,570.0,414.0,34.0,109.0,108.0,110.0,1.0,1.0,585.0,6.0,0.0,1.0,0.0,0.0,-0.1796768691005018,0.0,-1.0,0.0,0.004960572194823189,0.0,0.0,-1.0,0.9836341690379818,0.0,0.0,0.0,1.0
59,1765339863.573889,1.0,-0.059530291706323624,0.12255344539880753,0.9906749129295349,57.0,133.0,131.0,133.0,11.131011962890625,4.932818412780762,4.171177864074707,570.0,414.0,34.0,110.0,108.0,110.0,1.0,1.0,585.0,6.0,0.0,1.0,0.0,0.0,-0.1796768691005018,0.0,-1.0,0.0,0.004960572194823189,0.0,0.0,-1.0,0.9836341690379818,0.0,0.0,0.0,1.0
60,1765339863.6235933,1.0,-0.08153314888477325,0.12255344539880753,0.9894652366638184,57.0,132.0,131.0,132.0,11.065351486206055,5.824962615966797,4.05177116394043,570.0,415.0,34.0,109.0,108.0,109.0,1.0,1.0,585.0,6.0,0.0,1.0,0.0,0.0,-0.1796768691005018,0.0,-1.0,0.0,0.004960572194823189,0.0,0.0,-1.0,0.9836341690379818,0.0,0.0,0.0,1.0
61,1765339863.656355,1.0,-0.059530291706323624,0.12255344539880753,0.9906749129295349,57.0,133.0,131.0,133.0,12.327831268310547,5.191821098327637,4.419029235839844,570.0,414.0,34.0,110.0,108.0,110.0,1.0,1.0,585.0,6.0,0.0,1.0,0.0,0.0,-0.1796768691005018,0.0,-1.0,0.0,0.004960572194823189,0.0,0.0,-1.0,0.9836341690379818,0.0,0.0,0.0,1.0
62,1765339863.6874683,1.0,-0.06526979058980942,0.13147877156734467,0.9891679286956787,57.0,132.0,131.0,133.0,12.504060745239258,4.633750915527344,4.497283935546875,570.0,414.0,34.0,109.0,108.0,110.0,1.0,1.0,585.0,6.0,0.0,1.0,0.0,0.0,-0.1796768691005018,0.0,-1.0,0.0,0.004960572194823189,0.0,0.0,-1.0,0.9836341690379818,0.0,0.0,0.0,1.0
63,1765339863.7192633,1.0,-0.06526979058980942,0.12440390139818192,0.9891679286956787,57.0,132.0,132.0,133.0,10.449361801147461,5.296348571777344,3.778150796890259,570.0,414.0,34.0,109.0,109.0,110.0,1.0,1.0,585.0,6.0,0.0,1.0,0.0,0.0,-0.1796768691005018,0.0,-1.0,0.0,0.004960572194823189,0.0,0.0,-1.0,0.9836341690379818,0.0,0.0,0.0,1.0
64,1765339863.752517,1.0,-0.08153314888477325,0.12440390139818192,0.9884014129638672,56.0,133.0,131.0,134.0,10.318670272827148,5.545969009399414,4.325344085693359,570.0,413.0,33.0,110.0,108.0,111.0,1.0,1.0,585.0,6.0,0.0,1.0,0.0,0.0,-0.1796768691005018,0.0,-1.0,0.0,0.004960572194823189,0.0,0.0,-1.0,0.9836341690379818,0.0,0.0,0.0,1.0
65,1765339863.784681,1.0,-0.06526979058980942,0.12440390139818192,0.9884014129638672,57.0,133.0,131.0,132.0,10.790885925292969,4.638023376464844,3.928358793258667,570.0,414.0,34.0,110.0,108.0,109.0,1.0,1.0,585.0,6.0,0.0,1.0,0.0,0.0,-0.1796768691005018,0.0,-1.0,0.0,0.004960572194823189,0.0,0.0,-1.0,0.9836341690379818,0.0,0.0,0.0,1.0
66,1765339863.8144457,1.0,-0.06526979058980942,0.13147877156734467,0.9881916642189026,57.0,132.0,131.0,132.0,10.899513244628906,5.175909042358398,4.124187469482422,570.0,414.0,34.0,109.0,108.0,109.0,1.0,1.0,585.0,6.0,0.0,1.0,0.0,0.0,-0.1796768691005018,0.0,-1.0,0.0,0.004960572194823189,0.0,0.0,-1.0,0.9836341690379818,0.0,0.0,0.0,1.0
67,1765339863.8427322,1.0,-0.0708368644118309,0.12440390139818192,0.9881916642189026,56.0,132.0,131.0,132.0,10.56625747680664,5.101604461669922,4.090200424194336,570.0,414.0,33.0,109.0,108.0,109.0,1.0,1.0,585.0,6.0,0.0,1.0,0.0,0.0,-0.1796768691005018,0.0,-1.0,0.0,0.004960572194823189,0.0,0.0,-1.0,0.9836341690379818,0.0,0.0,0.0,1.0
68,1765339863.8757327,1.0,-0.0708368644118309,0.13970835506916046,0.9881916642189026,57.0,133.0,132.0,133.0,10.116033554077148,4.775088310241699,4.882582664489746,569.0,413.0,34.0,110.0,109.0,110.0,1.0,1.0,585.0,6.0,0.0,1.0,0.0,0.0,-0.1796768691005018,0.0,-1.0,0.0,0.004960572194823189,0.0,0.0,-1.0,0.9836341690379818,0.0,0.0,0.0,1.0
69,1765339863.9094658,1.0,-0.0708368644118309,0.13970835506916046,0.9871512055397034,57.0,132.0,132.0,132.0,11.194868087768555,3.9843063354492188,4.609601020812988,569.0,414.0,34.0,109.0,109.0,109.0,1.0,1.0,585.0,6.0,0.0,1.0,0.0,0.0,-0.1796768691005018,0.0,-1.0,0.0,0.004960572194823189,0.0,0.0,-1.0,0.9836341690379818,0.0,0.0,0.0,1.0
70,1765339863.9416077,1.0,-0.0708368644118309,0.12716640532016754,0.9871512055397034,57.0,134.0,131.0,133.0,10.072490692138672,4.876325607299805,3.823810338973999,570.0,413.0,34.0,111.0,108.0,110.0,1.0,1.0,585.0,6.0,0.0,1.0,0.0,0.0,-0.1796768691005018,0.0,-1.0,0.0,0.004960572194823189,0.0,0.0,-1.0,0.9836341690379818,0.0,0.0,0.0,1.0
71,1765339863.9734635,1.0,-0.09533525258302689,0.12716640532016754,0.9857497215270996,57.0,133.0,132.0,133.0,10.65604019165039,5.356061935424805,3.4353115558624268,569.0,413.0,34.0,110.0,109.0,110.0,1.0,1.0,585.0,6.0,0.0,1.0,0.0,0.0,-0.1796768691005018,0.0,-1.0,0.0,0.004960572194823189,0.0,0.0,-1.0,0.9836341690379818,0.0,0.0,0.0,1.0
72,1765339864.0212078,1.0,-0.09533525258302689,0.13912826776504517,0.9857497215270996,57.0,132.0,131.0,132.0,10.669994354248047,4.701412200927734,4.105892181396484,569.0,414.0,34.0,109.0,108.0,109.0,1.0,1.0,585.0,6.0,0.0,1.0,0.0,0.0,-0.1796768691005018,0.0,-1.0,0.0,0.004960572194823189,0.0,0.0,-1.0,0.9836341690379818,0.0,0.0,0.0,1.0
73,1765339864.0541859,1.0,-0.0897403433918953,0.13912826776504517,0.9857497215270996,57.0,133.0,131.0,133.0,10.707883834838867,3.0099925994873047,4.8974609375,569.0,413.0,34.0,110.0,108.0,110.0,1.0,1.0,585.0,6.0,0.0,1.0,0.0,0.0,-0.1796768691005018,0.0,-1.0,0.0,0.004960572194823189,0.0,0.0,-1.0,0.9836341690379818,0.0,0.0,0.0,1.0
74,1765339864.085372,1.0,-0.0897403433918953,0.13912826776504517,0.9861997365951538,57.0,133.0,131.0,133.0,10.676538467407227,4.791095733642578,4.317623138427734,569.0,413.0,34.0,110.0,108.0,110.0,1.0,1.0,585.0,6.0,0.0,1.0,0.0,0.0,-0.1796768691005018,0.0,-1.0,0.0,0.004960572194823189,0.0,0.0,-1.0,0.9836341690379818,0.0,0.0,0.0,1.0
75,1765339864.1220672,1.0,-0.0906239002943039,0.15213841199874878,0.9837504625320435,57.0,133.0,131.0,133.0,11.510196685791016,5.616875648498535,4.160663604736328,569.0,412.0,34.0,110.0,108.0,110.0,1.0,1.0,585.0,6.0,0.0,1.0,0.0,0.0,-0.1796768691005018,0.0,-1.0,0.0,0.004960572194823189,0.0,0.0,-1.0,0.9836341690379818,0.0,0.0,0.0,1.0
76,1765339864.15125,1.0,-0.0897403433918953,0.15057408809661865,0.98527991771698,57.0,133.0,131.0,133.0,10.212358474731445,4.187763214111328,3.920637845993042,569.0,413.0,34.0,110.0,108.0,110.0,1.0,1.0,585.0,6.0,0.0,1.0,0.0,0.0,-0.1796768691005018,0.0,-1.0,0.0,0.004960572194823189,0.0,0.0,-1.0,0.9836341690379818,0.0,0.0,0.0,1.0
77,1765339864.1806476,1.0,-0.0906239002943039,0.15057408809661865,0.985013484954834,57.0,134.0,131.0,133.0,10.538125991821289,4.228235244750977,3.8613498210906982,569.0,412.0,34.0,111.0,108.0,110.0,1.0,1.0,585.0,6.0,0.0,1.0,0.0,0.0,-0.1796768691005018,0.0,-1.0,0.0,0.004960572194823189,0.0,0.0,-1.0,0.9836341690379818,0.0,0.0,0.0,1.0
78,1765339864.2134683,1.0,-0.0906239002943039,0.14399787783622742,0.98527991771698,56.0,134.0,131.0,133.0,10.773948669433594,4.881103515625,3.9804561138153076,569.0,412.0,33.0,111.0,108.0,110.0,1.0,1.0,585.0,6.0,0.0,1.0,0.0,0.0,-0.1796768691005018,0.0,-1.0,0.0,0.004960572194823189,0.0,0.0,-1.0,0.9836341690379818,0.0,0.0,0.0,1.0
79,1765339864.2465324,1.0,-0.0809372067451477,0.14399787783622742,0.98527991771698,57.0,134.0,130.0,132.0,10.793289184570312,4.847984313964844,4.104827880859375,569.0,413.0,34.0,111.0,107.0,109.0,1.0,1.0,585.0,6.0,0.0,1.0,0.0,0.0,-0.1796768691005018,0.0,-1.0,0.0,0.004960572194823189,0.0,0.0,-1.0,0.9836341690379818,0.0,0.0,0.0,1.0
80,1765339864.2785723,1.0,-0.06801551580429077,0.133847177028656,0.9886651635169983,57.0,135.0,131.0,133.0,10.816287994384766,4.441765785217285,3.9278600215911865,569.0,412.0,34.0,112.0,108.0,110.0,1.0,1.0,585.0,6.0,0.0,1.0,0.0,0.0,-0.1796768691005018,0.0,-1.0,0.0,0.004960572194823189,0.0,0.0,-1.0,0.9836341690379818,0.0,0.0,0.0,1.0
81,1765339864.308892,1.0,-0.05919891968369484,0.10147971659898758,0.9933331608772278,57.0,135.0,130.0,134.0,10.009151458740234,4.638301849365234,4.025259017944336,570.0,412.0,34.0,112.0,107.0,111.0,1.0,1.0,585.0,6.0,0.0,1.0,0.0,0.0,-0.1796768691005018,0.0,-1.0,0.0,0.004960572194823189,0.0,0.0,-1.0,0.9836341690379818,0.0,0.0,0.0,1.0
82,1765339864.3407724,1.0,-0.05919891968369484,0.10147971659898758,0.9933331608772278,57.0,134.0,131.0,134.0,9.933525085449219,5.089336395263672,3.734971761703491,569.0,412.0,34.0,111.0,108.0,111.0,1.0,1.0,585.0,6.0,0.0,1.0,0.0,0.0,-0.1796768691005018,0.0,-1.0,0.0,0.004960572194823189,0.0,0.0,-1.0,0.9836341690379818,0.0,0.0,0.0,1.0
83,1765339864.3729837,1.0,-0.05919891968369484,0.10147971659898758,0.9933331608772278,57.0,134.0,131.0,133.0,10.893804550170898,5.7578125,3.776362180709839,569.0,412.0,34.0,111.0,108.0,110.0,1.0,1.0,585.0,6.0,0.0,1.0,0.0,0.0,-0.1796768691005018,0.0,-1.0,0.0,0.004960572194823189,0.0,0.0,-1.0,0.9836341690379818,0.0,0.0,0.0,1.0
84,1765339864.4201164,1.0,-0.072806715965271,0.11648266762495041,0.9904797077178955,57.0,133.0,131.0,132.0,10.357501983642578,4.435791969299316,4.022846221923828,569.0,413.0,34.0,110.0,108.0,109.0,1.0,1.0,585.0,6.0,0.0,1.0,0.0,0.0,-0.1796768691005018,0.0,-1.0,0.0,0.004960572194823189,0.0,0.0,-1.0,0.9836341690379818,0.0,0.0,0.0,1.0
85,1765339864.45435,1.0,-0.0733606293797493,0.12829309701919556,0.9883899688720703,57.0,134.0,131.0,133.0,10.254329681396484,4.971466064453125,3.668264150619507,569.0,412.0,34.0,111.0,108.0,110.0,1.0,1.0,585.0,6.0,0.0,1.0,0.0,0.0,-0.1796768691005018,0.0,-1.0,0.0,0.004960572194823189,0.0,0.0,-1.0,0.9836341690379818,0.0,0.0,0.0,1.0
86,1765339864.487605,1.0,-0.0733606293797493,0.12829309701919556,0.9883899688720703,57.0,134.0,131.0,133.0,10.510442733764648,4.604358673095703,3.5929973125457764,569.0,413.0,34.0,111.0,108.0,110.0,1.0,1.0,585.0,6.0,0.0,1.0,0.0,0.0,-0.1796768691005018,0.0,-1.0,0.0,0.004960572194823189,0.0,0.0,-1.0,0.9836341690379818,0.0,0.0,0.0,1.0
87,1765339864.5213573,1.0,-0.072806715965271,0.11648266762495041,0.9904797077178955,57.0,135.0,131.0,133.0,10.785669326782227,4.207874298095703,4.341915130615234,569.0,412.0,34.0,112.0,108.0,110.0,1.0,1.0,585.0,6.0,0.0,1.0,0.0,0.0,-0.1796768691005018,0.0,-1.0,0.0,0.004960572194823189,0.0,0.0,-1.0,0.9836341690379818,0.0,0.0,0.0,1.0
88,1765339864.550652,1.0,-0.052982401102781296,0.112336665391922,0.9932425022125244,56.0,135.0,129.0,134.0,10.088319778442383,3.902956962585449,3.923438787460327,570.0,412.0,33.0,112.0,106.0,111.0,1.0,1.0,585.0,6.0,0.0,1.0,0.0,0.0,-0.1796768691005018,0.0,-1.0,0.0,0.004960572194823189,0.0,0.0,-1.0,0.9836341690379818,0.0,0.0,0.0,1.0
89,1765339865.1123657,2.0,0.5519869327545166,-0.307544469833374,0.7766887545585632,63.0,135.0,137.0,136.0,16.190685272216797,4.959600448608398,2.7342846393585205,570.0,416.0,40.0,112.0,114.0,113.0,1.0,1.0,11.0,329.0,0.0,1.0,0.0,0.0,-0.1796768691005018,0.0,-1.0,0.0,0.004960572194823189,0.0,0.0,-1.0,0.9836341690379818,0.0,0.0,0.0,1.0
90,1765339865.1439633,2.0,0.5495140552520752,-0.307544469833374,0.7768208384513855,64.0,135.0,137.0,135.0,16.43911361694336,3.317864418029785,3.0594136714935303,570.0,417.0,41.0,112.0,114.0,112.0,1.0,1.0,11.0,329.0,0.0,1.0,0.0,0.0,-0.1796768691005018,0.0,-1.0,0.0,0.004960572194823189,0.0,0.0,-1.0,0.9836341690379818,0.0,0.0,0.0,1.0
91,1765339865.176919,2.0,0.5495140552520752,-0.3003898561000824,0.7768208384513855,65.0,134.0,138.0,135.0,17.165382385253906,1.4999828338623047,4.0028276443481445,570.0,418.0,42.0,111.0,115.0,112.0,1.0,1.0,11.0,329.0,0.0,1.0,0.0,0.0,-0.1796768691005018,0.0,-1.0,0.0,0.004960572194823189,0.0,0.0,-1.0,0.9836341690379818,0.0,0.0,0.0,1.0
92,1765339865.2095373,2.0,0.5519869327545166,-0.297745019197464,0.7771199345588684,66.0,136.0,138.0,136.0,17.755186080932617,2.3229665756225586,4.040313720703125,570.0,416.0,43.0,113.0,115.0,113.0,1.0,1.0,11.0,329.0,0.0,1.0,0.0,0.0,-0.1796768691005018,0.0,-1.0,0.0,0.004960572194823189,0.0,0.0,-1.0,0.9836341690379818,0.0,0.0,0.0,1.0
93,1765339865.2528882,2.0,0.5544660091400146,-0.2966470718383789,0.777866542339325,66.0,135.0,138.0,135.0,16.93906021118164,1.0518150329589844,3.882005453109741,570.0,417.0,43.0,112.0,115.0,112.0,1.0,1.0,11.0,329.0,0.0,1.0,0.0,0.0,-0.1796768691005018,0.0,-1.0,0.0,0.004960572194823189,0.0,0.0,-1.0,0.9836341690379818,0.0,0.0,0.0,1.0
94,1765339865.2851386,2.0,0.5544660091400146,-0.2961999177932739,0.7793514728546143,65.0,135.0,137.0,135.0,16.91164779663086,0.4106254577636719,3.9250714778900146,571.0,417.0,42.0,112.0,114.0,112.0,1.0,1.0,11.0,329.0,0.0,1.0,0.0,0.0,-0.1796768691005018,0.0,-1.0,0.0,0.004960572194823189,0.0,0.0,-1.0,0.9836341690379818,0.0,0.0,0.0,1.0
95,1765339865.3162434,2.0,0.5544660091400146,-0.2961999177932739,0.7793514728546143,66.0,136.0,137.0,136.0,16.680030822753906,1.1290674209594727,3.8544366359710693,571.0,417.0,43.0,113.0,114.0,113.0,1.0,1.0,11.0,329.0,0.0,1.0,0.0,0.0,-0.1796768691005018,0.0,-1.0,0.0,0.004960572194823189,0.0,0.0,-1.0,0.9836341690379818,0.0,0.0,0.0,1.0
96,1765339865.3495557,2.0,0.5544660091400146,-0.2961999177932739,0.7793514728546143,66.0,136.0,138.0,136.0,16.832616806030273,-0.0030584335327148438,4.128824234008789,571.0,416.0,43.0,113.0,115.0,113.0,1.0,1.0,11.0,329.0,0.0,1.0,0.0,0.0,-0.1796768691005018,0.0,-1.0,0.0,0.004960572194823189,0.0,0.0,-1.0,0.9836341690379818,0.0,0.0,0.0,1.0
97,1765339865.3828104,2.0,0.5571162700653076,-0.2961999177932739,0.7793514728546143,66.0,137.0,138.0,137.0,16.603076934814453,0.5954489707946777,3.852527379989624,571.0,415.0,43.0,114.0,115.0,114.0,1.0,1.0,11.0,329.0,0.0,1.0,0.0,0.0,-0.1796768691005018,0.0,-1.0,0.0,0.004960572194823189,0.0,0.0,-1.0,0.9836341690379818,0.0,0.0,0.0,1.0
98,1765339865.4148536,2.0,0.5593750476837158,-0.30155763030052185,0.7710082530975342,65.0,137.0,138.0,137.0,16.414901733398438,1.1967201232910156,3.9028913974761963,571.0,416.0,42.0,114.0,115.0,114.0,1.0,1.0,11.0,329.0,0.0,1.0,0.0,0.0,-0.1796768691005018,0.0,-1.0,0.0,0.004960572194823189,0.0,0.0,-1.0,0.9836341690379818,0.0,0.0,0.0,1.0
99,1765339865.4457855,2.0,0.5593750476837158,-0.30155763030052185,0.7710082530975342,67.0,135.0,138.0,135.0,17.091930389404297,1.9261722564697266,4.086708068847656,571.0,418.0,44.0,112.0,115.0,112.0,1.0,1.0,11.0,329.0,0.0,1.0,0.0,0.0,-0.1796768691005018,0.0,-1.0,0.0,0.004960572194823189,0.0,0.0,-1.0,0.9836341690379818,0.0,0.0,0.0,1.0
100,1765339865.4771006,2.0,0.5593750476837158,-0.2854836583137512,0.7710082530975342,67.0,137.0,138.0,137.0,16.22538948059082,0.5414948463439941,4.015087127685547,571.0,416.0,44.0,114.0,115.0,114.0,1.0,1.0,11.0,329.0,0.0,1.0,0.0,0.0,-0.1796768691005018,0.0,-1.0,0.0,0.004960572194823189,0.0,0.0,-1.0,0.9836341690379818,0.0,0.0,0.0,1.0
101,1765339865.5103061,2.0,0.549298882484436,-0.29121989011764526,0.7853469252586365,65.0,137.0,137.0,137.0,17.673316955566406,1.1898279190063477,4.028585433959961,572.0,416.0,42.0,114.0,114.0,114.0,1.0,1.0,11.0,329.0,0.0,1.0,0.0,0.0,-0.1796768691005018,0.0,-1.0,0.0,0.004960572194823189,0.0,0.0,-1.0,0.9836341690379818,0.0,0.0,0.0,1.0
102,1765339865.5427842,2.0,0.549298882484436,-0.2873215675354004,0.7853469252586365,65.0,136.0,137.0,137.0,17.247522354125977,1.7148966789245605,3.631819486618042,572.0,416.0,42.0,113.0,114.0,114.0,1.0,1.0,11.0,329.0,0.0,1.0,0.0,0.0,-0.1796768691005018,0.0,-1.0,0.0,0.004960572194823189,0.0,0.0,-1.0,0.9836341690379818,0.0,0.0,0.0,1.0
103,1765339865.574491,2.0,0.549298882484436,-0.2873215675354004,0.7853469252586365,67.0,136.0,138.0,136.0,17.211563110351562,0.48406362533569336,4.44202995300293,571.0,417.0,44.0,113.0,115.0,113.0,1.0,1.0,11.0,329.0,0.0,1.0,0.0,0.0,-0.1796768691005018,0.0,-1.0,0.0,0.004960572194823189,0.0,0.0,-1.0,0.9836341690379818,0.0,0.0,0.0,1.0
104,1765339865.6051917,2.0,0.5534490942955017,-0.28908565640449524,0.7811040878295898,66.0,136.0,138.0,136.0,16.909698486328125,0.4753570556640625,4.340802192687988,571.0,417.0,43.0,113.0,115.0,113.0,1.0,1.0,11.0,329.0,0.0,1.0,0.0,0.0,-0.1796768691005018,0.0,-1.0,0.0,0.004960572194823189,0.0,0.0,-1.0,0.9836341690379818,0.0,0.0,0.0,1.0
105,1765339865.6541798,2.0,0.5638052821159363,-0.28908565640449524,0.7743189930915833,66.0,136.0,138.0,136.0,16.722991943359375,0.5787124633789062,3.922114133834839,571.0,417.0,43.0,113.0,115.0,113.0,1.0,1.0,11.0,329.0,0.0,1.0,0.0,0.0,-0.1796768691005018,0.0,-1.0,0.0,0.004960572194823189,0.0,0.0,-1.0,0.9836341690379818,0.0,0.0,0.0,1.0
106,1765339865.686673,2.0,0.5638052821159363,-0.2873215675354004,0.7743189930915833,65.0,137.0,138.0,137.0,15.539552688598633,-0.5101213455200195,3.953134298324585,571.0,416.0,42.0,114.0,115.0,114.0,1.0,1.0,11.0,329.0,0.0,1.0,0.0,0.0,-0.1796768691005018,0.0,-1.0,0.0,0.004960572194823189,0.0,0.0,-1.0,0.9836341690379818,0.0,0.0,0.0,1.0
107,1765339865.7240796,2.0,0.5652560591697693,-0.28908565640449524,0.7743086218833923,64.0,136.0,137.0,137.0,16.479124069213867,1.3359441757202148,3.777646780014038,572.0,416.0,41.0,113.0,114.0,114.0,1.0,1.0,11.0,329.0,0.0,1.0,0.0,0.0,-0.1796768691005018,0.0,-1.0,0.0,0.004960572194823189,0.0,0.0,-1.0,0.9836341690379818,0.0,0.0,0.0,1.0
108,1765339865.752079,2.0,0.5652560591697693,-0.2980724275112152,0.7743086218833923,65.0,137.0,138.0,137.0,15.979137420654297,1.2113184928894043,3.7895781993865967,571.0,416.0,42.0,114.0,115.0,114.0,1.0,1.0,11.0,329.0,0.0,1.0,0.0,0.0,-0.1796768691005018,0.0,-1.0,0.0,0.004960572194823189,0.0,0.0,-1.0,0.9836341690379818,0.0,0.0,0.0,1.0
109,1765339865.7871587,2.0,0.5652560591697693,-0.2859891951084137,0.7743086218833923,66.0,137.0,138.0,137.0,16.04486846923828,-0.19487571716308594,4.136102676391602,571.0,416.0,43.0,114.0,115.0,114.0,1.0,1.0,11.0,329.0,0.0,1.0,0.0,0.0,-0.1796768691005018,0.0,-1.0,0.0,0.004960572194823189,0.0,0.0,-1.0,0.9836341690379818,0.0,0.0,0.0,1.0
110,1765339865.8192759,2.0,0.5678572058677673,-0.2980724275112152,0.7672620415687561,66.0,137.0,138.0,137.0,15.920036315917969,-0.8433656692504883,4.125179290771484,571.0,416.0,43.0,114.0,115.0,114.0,1.0,1.0,11.0,329.0,0.0,1.0,0.0,0.0,-0.1796768691005018,0.0,-1.0,0.0,0.004960572194823189,0.0,0.0,-1.0,0.9836341690379818,0.0,0.0,0.0,1.0
111,1765339865.8503401,2.0,0.5678572058677673,-0.2980724275112152,0.7672620415687561,66.0,137.0,138.0,137.0,16.018131256103516,0.9940214157104492,3.7441165447235107,571.0,416.0,43.0,114.0,115.0,114.0,1.0,1.0,11.0,329.0,0.0,1.0,0.0,0.0,-0.1796768691005018,0.0,-1.0,0.0,0.004960572194823189,0.0,0.0,-1.0,0.9836341690379818,0.0,0.0,0.0,1.0
112,1765339865.8801663,2.0,0.5691277384757996,-0.2978464365005493,0.7647404670715332,65.0,136.0,138.0,137.0,17.362709045410156,1.5541572570800781,3.6966989040374756,571.0,416.0,42.0,113.0,115.0,114.0,1.0,1.0,11.0,329.0,0.0,1.0,0.0,0.0,-0.1796768691005018,0.0,-1.0,0.0,0.004960572194823189,0.0,0.0,-1.0,0.9836341690379818,0.0,0.0,0.0,1.0
113,1765339865.9107964,2.0,0.5691277384757996,-0.28681138157844543,0.7647404670715332,65.0,137.0,138.0,137.0,15.50885009765625,-1.2801513671875,4.317023277282715,571.0,416.0,42.0,114.0,115.0,114.0,1.0,1.0,11.0,329.0,0.0,1.0,0.0,0.0,-0.1796768691005018,0.0,-1.0,0.0,0.004960572194823189,0.0,0.0,-1.0,0.9836341690379818,0.0,0.0,0.0,1.0
114,1765339865.9455698,2.0,0.5615535378456116,-0.2978464365005493,0.7771194577217102,65.0,136.0,137.0,136.0,16.70816421508789,1.408564567565918,4.045365333557129,571.0,417.0,42.0,113.0,114.0,113.0,1.0,1.0,11.0,329.0,0.0,1.0,0.0,0.0,-0.1796768691005018,0.0,-1.0,0.0,0.004960572194823189,0.0,0.0,-1.0,0.9836341690379818,0.0,0.0,0.0,1.0
115,1765339865.9754817,2.0,0.555568516254425,-0.28681138157844543,0.7781130075454712,64.0,137.0,137.0,137.0,15.421630859375,0.8583683967590332,3.6313135623931885,572.0,416.0,41.0,114.0,114.0,114.0,1.0,1.0,11.0,329.0,0.0,1.0,0.0,0.0,-0.1796768691005018,0.0,-1.0,0.0,0.004960572194823189,0.0,0.0,-1.0,0.9836341690379818,0.0,0.0,0.0,1.0
116,1765339866.0080657,2.0,0.5586023330688477,-0.28681138157844543,0.7771194577217102,65.0,136.0,138.0,136.0,17.386043548583984,1.4690485000610352,4.024168968200684,571.0,417.0,42.0,113.0,115.0,113.0,1.0,1.0,11.0,329.0,0.0,1.0,0.0,0.0,-0.1796768691005018,0.0,-1.0,0.0,0.004960572194823189,0.0,0.0,-1.0,0.9836341690379818,0.0,0.0,0.0,1.0
117,1765339866.0573044,2.0,0.555568516254425,-0.29317858815193176,0.7771194577217102,66.0,138.0,138.0,138.0,16.254947662353516,-1.289395809173584,3.7576892375946045,571.0,415.0,43.0,115.0,115.0,115.0,1.0,1.0,11.0,329.0,0.0,1.0,0.0,0.0,-0.1796768691005018,0.0,-1.0,0.0,0.004960572194823189,0.0,0.0,-1.0,0.9836341690379818,0.0,0.0,0.0,1.0
118,1765339866.0888054,2.0,0.5554208159446716,-0.30040043592453003,0.7764490246772766,65.0,136.0,138.0,136.0,17.49008560180664,2.6777210235595703,3.7456390857696533,571.0,417.0,42.0,113.0,115.0,113.0,1.0,1.0,11.0,329.0,0.0,1.0,0.0,0.0,-0.1796768691005018,0.0,-1.0,0.0,0.004960572194823189,0.0,0.0,-1.0,0.9836341690379818,0.0,0.0,0.0,1.0
119,1765339866.1172962,2.0,0.5554208159446716,-0.29317858815193176,0.7764490246772766,66.0,136.0,138.0,136.0,16.850784301757812,0.9958462715148926,3.902600049972534,571.0,417.0,43.0,113.0,115.0,113.0,1.0,1.0,11.0,329.0,0.0,1.0,0.0,0.0,-0.1796768691005018,0.0,-1.0,0.0,0.004960572194823189,0.0,0.0,-1.0,0.9836341690379818,0.0,0.0,0.0,1.0
120,1765339866.151446,2.0,0.5532841682434082,-0.2936054766178131,0.7764490246772766,65.0,136.0,138.0,137.0,15.776153564453125,1.1280417442321777,3.900510549545288,571.0,416.0,42.0,113.0,115.0,114.0,1.0,1.0,11.0,329.0,0.0,1.0,0.0,0.0,-0.1796768691005018,0.0,-1.0,0.0,0.004960572194823189,0.0,0.0,-1.0,0.9836341690379818,0.0,0.0,0.0,1.0
121,1765339866.1841323,2.0,0.5532841682434082,-0.30040043592453003,0.7764490246772766,65.0,137.0,138.0,137.0,15.706157684326172,2.0477561950683594,3.7923643589019775,571.0,416.0,42.0,114.0,115.0,114.0,1.0,1.0,11.0,329.0,0.0,1.0,0.0,0.0,-0.1796768691005018,0.0,-1.0,0.0,0.004960572194823189,0.0,0.0,-1.0,0.9836341690379818,0.0,0.0,0.0,1.0
122,1765339866.2206886,2.0,0.5532841682434082,-0.3067786395549774,0.7764490246772766,65.0,136.0,138.0,136.0,17.107982635498047,1.2051811218261719,4.013697624206543,571.0,417.0,42.0,113.0,115.0,113.0,1.0,1.0,11.0,329.0,0.0,1.0,0.0,0.0,-0.1796768691005018,0.0,-1.0,0.0,0.004960572194823189,0.0,0.0,-1.0,0.9836341690379818,0.0,0.0,0.0,1.0
123,1765339866.2534869,2.0,0.5532841682434082,-0.2949345111846924,0.7799631357192993,65.0,137.0,138.0,137.0,16.518245697021484,1.7482810020446777,3.79077410697937,571.0,416.0,42.0,114.0,115.0,114.0,1.0,1.0,11.0,329.0,0.0,1.0,0.0,0.0,-0.1796768691005018,0.0,-1.0,0.0,0.004960572194823189,0.0,0.0,-1.0,0.9836341690379818,0.0,0.0,0.0,1.0
124,1765339866.2800055,2.0,0.5457685589790344,-0.3067786395549774,0.7843151688575745,65.0,136.0,137.0,136.0,16.687942504882812,0.8880100250244141,4.105222702026367,571.0,417.0,42.0,113.0,114.0,113.0,1.0,1.0,11.0,329.0,0.0,1.0,0.0,0.0,-0.1796768691005018,0.0,-1.0,0.0,0.004960572194823189,0.0,0.0,-1.0,0.9836341690379818,0.0,0.0,0.0,1.0
125,1765339866.3120747,2.0,0.5457685589790344,-0.3074936866760254,0.7843151688575745,65.0,137.0,137.0,137.0,16.467605590820312,1.7634763717651367,3.7884366512298584,571.0,416.0,42.0,114.0,114.0,114.0,1.0,1.0,11.0,329.0,0.0,1.0,0.0,0.0,-0.1796768691005018,0.0,-1.0,0.0,0.004960572194823189,0.0,0.0,-1.0,0.9836341690379818,0.0,0.0,0.0,1.0
126,1765339866.3441827,2.0,0.5457685589790344,-0.3067786395549774,0.7843151688575745,65.0,136.0,138.0,137.0,16.252002716064453,-0.03194141387939453,4.103137016296387,571.0,416.0,42.0,113.0,115.0,114.0,1.0,1.0,11.0,329.0,0.0,1.0,0.0,0.0,-0.1796768691005018,0.0,-1.0,0.0,0.004960572194823189,0.0,0.0,-1.0,0.9836341690379818,0.0,0.0,0.0,1.0
127,1765339866.3757663,2.0,0.5457685589790344,-0.30126088857650757,0.7843151688575745,65.0,136.0,138.0,137.0,16.072349548339844,0.25553417205810547,3.864891290664673,571.0,416.0,42.0,113.0,115.0,114.0,1.0,1.0,11.0,329.0,0.0,1.0,0.0,0.0,-0.1796768691005018,0.0,-1.0,0.0,0.004960572194823189,0.0,0.0,-1.0,0.9836341690379818,0.0,0.0,0.0,1.0
128,1765339866.4083037,2.0,0.5579352974891663,-0.30126088857650757,0.7780253291130066,65.0,136.0,138.0,137.0,16.329151153564453,-0.8539218902587891,4.166925430297852,571.0,416.0,42.0,113.0,115.0,114.0,1.0,1.0,11.0,329.0,0.0,1.0,0.0,0.0,-0.1796768691005018,0.0,-1.0,0.0,0.004960572194823189,0.0,0.0,-1.0,0.9836341690379818,0.0,0.0,0.0,1.0
129,1765339866.456096,2.0,0.563240647315979,-0.30126088857650757,0.7694165706634521,65.0,136.0,138.0,136.0,16.659523010253906,-0.16919612884521484,3.627629041671753,571.0,416.0,42.0,113.0,115.0,113.0,1.0,1.0,11.0,329.0,0.0,1.0,0.0,0.0,-0.1796768691005018,0.0,-1.0,0.0,0.004960572194823189,0.0,0.0,-1.0,0.9836341690379818,0.0,0.0,0.0,1.0
130,1765339866.4882872,2.0,0.5688046813011169,-0.29859620332717896,0.7663560509681702,65.0,135.0,137.0,136.0,18.026172637939453,2.7802133560180664,3.711662530899048,572.0,417.0,42.0,112.0,114.0,113.0,1.0,1.0,11.0,329.0,0.0,1.0,0.0,0.0,-0.1796768691005018,0.0,-1.0,0.0,0.004960572194823189,0.0,0.0,-1.0,0.9836341690379818,0.0,0.0,0.0,1.0
131,1765339866.5201256,2.0,0.5688046813011169,-0.30126088857650757,0.7663560509681702,64.0,136.0,137.0,136.0,17.883132934570312,1.9229011535644531,3.774994134902954,572.0,417.0,41.0,113.0,114.0,113.0,1.0,1.0,11.0,329.0,0.0,1.0,0.0,0.0,-0.1796768691005018,0.0,-1.0,0.0,0.004960572194823189,0.0,0.0,-1.0,0.9836341690379818,0.0,0.0,0.0,1.0
132,1765339866.555139,2.0,0.5688046813011169,-0.29889264702796936,0.7663560509681702,65.0,137.0,137.0,137.0,16.555866241455078,0.4122762680053711,4.053686141967773,572.0,416.0,42.0,114.0,114.0,114.0,1.0,1.0,11.0,329.0,0.0,1.0,0.0,0.0,-0.1796768691005018,0.0,-1.0,0.0,0.004960572194823189,0.0,0.0,-1.0,0.9836341690379818,0.0,0.0,0.0,1.0
133,1765339867.111437,3.0,-0.1345871090888977,-0.37396690249443054,0.9167792797088623,58.0,136.0,131.0,134.0,11.421321868896484,8.03945255279541,3.187797784805298,569.0,419.0,35.0,113.0,108.0,111.0,1.0,1.0,585.0,329.0,0.0,1.0,0.0,0.0,-0.1796768691005018,0.0,-1.0,0.0,0.004960572194823189,0.0,0.0,-1.0,0.9836341690379818,0.0,0.0,0.0,1.0
134,1765339867.1450818,3.0,-0.1345871090888977,-0.3718833923339844,0.9191367626190186,57.0,136.0,131.0,134.0,10.353389739990234,7.652178764343262,3.600226640701294,569.0,419.0,34.0,113.0,108.0,111.0,1.0,1.0,585.0,329.0,0.0,1.0,0.0,0.0,-0.1796768691005018,0.0,-1.0,0.0,0.004960572194823189,0.0,0.0,-1.0,0.9836341690379818,0.0,0.0,0.0,1.0
135,1765339867.1769433,3.0,-0.12384013831615448,-0.3718833923339844,0.9191367626190186,57.0,136.0,131.0,134.0,9.86752700805664,8.663122177124023,3.706702470779419,569.0,419.0,34.0,113.0,108.0,111.0,1.0,1.0,585.0,329.0,0.0,1.0,0.0,0.0,-0.1796768691005018,0.0,-1.0,0.0,0.004960572194823189,0.0,0.0,-1.0,0.9836341690379818,0.0,0.0,0.0,1.0
136,1765339867.2076948,3.0,-0.12678749859333038,-0.371317595243454,0.9198088049888611,57.0,136.0,131.0,134.0,9.815492630004883,7.877532958984375,3.842395544052124,569.0,419.0,34.0,113.0,108.0,111.0,1.0,1.0,585.0,329.0,0.0,1.0,0.0,0.0,-0.1796768691005018,0.0,-1.0,0.0,0.004960572194823189,0.0,0.0,-1.0,0.9836341690379818,0.0,0.0,0.0,1.0
137,1765339867.2404723,3.0,-0.12538696825504303,-0.371317595243454,0.9198088049888611,57.0,136.0,131.0,135.0,9.668874740600586,7.610386848449707,3.828218698501587,569.0,419.0,34.0,113.0,108.0,112.0,1.0,1.0,585.0,329.0,0.0,1.0,0.0,0.0,-0.1796768691005018,0.0,-1.0,0.0,0.004960572194823189,0.0,0.0,-1.0,0.9836341690379818,0.0,0.0,0.0,1.0
138,1765339867.2884133,3.0,-0.12144660204648972,-0.371317595243454,0.9234702587127686,57.0,134.0,131.0,133.0,11.603378295898438,6.328910827636719,4.677951812744141,569.0,420.0,34.0,111.0,108.0,110.0,1.0,1.0,585.0,329.0,0.0,1.0,0.0,0.0,-0.1796768691005018,0.0,-1.0,0.0,0.004960572194823189,0.0,0.0,-1.0,0.9836341690379818,0.0,0.0,0.0,1.0
139,1765339867.3194952,3.0,-0.12538696825504303,-0.37226465344429016,0.9198088049888611,56.0,136.0,130.0,134.0,9.187776565551758,8.88453197479248,3.7274997234344482,569.0,419.0,33.0,113.0,107.0,111.0,1.0,1.0,585.0,329.0,0.0,1.0,0.0,0.0,-0.1796768691005018,0.0,-1.0,0.0,0.004960572194823189,0.0,0.0,-1.0,0.9836341690379818,0.0,0.0,0.0,1.0
140,1765339867.353736,3.0,-0.12538696825504303,-0.37298232316970825,0.9198088049888611,55.0,138.0,130.0,136.0,9.226888656616211,8.338504791259766,4.017961502075195,569.0,418.0,32.0,115.0,107.0,113.0,1.0,1.0,585.0,329.0,0.0,1.0,0.0,0.0,-0.1796768691005018,0.0,-1.0,0.0,0.004960572194823189,0.0,0.0,-1.0,0.9836341690379818,0.0,0.0,0.0,1.0
141,1765339867.3841076,3.0,-0.12538696825504303,-0.37672337889671326,0.9177843928337097,57.0,137.0,132.0,135.0,9.737907409667969,8.381990432739258,3.8717973232269287,568.0,419.0,34.0,114.0,109.0,112.0,1.0,1.0,585.0,329.0,0.0,1.0,0.0,0.0,-0.1796768691005018,0.0,-1.0,0.0,0.004960572194823189,0.0,0.0,-1.0,0.9836341690379818,0.0,0.0,0.0,1.0
142,1765339867.414549,3.0,-0.12273552268743515,-0.3758315145969391,0.9185242056846619,56.0,137.0,130.0,135.0,9.482234954833984,8.814017295837402,3.66377329826355,569.0,419.0,33.0,114.0,107.0,112.0,1.0,1.0,585.0,329.0,0.0,1.0,0.0,0.0,-0.1796768691005018,0.0,-1.0,0.0,0.004960572194823189,0.0,0.0,-1.0,0.9836341690379818,0.0,0.0,0.0,1.0
143,1765339867.4483316,3.0,-0.12273552268743515,-0.3764922320842743,0.9185242056846619,56.0,138.0,130.0,136.0,8.39931869506836,8.140154838562012,4.369415283203125,569.0,418.0,33.0,115.0,107.0,113.0,1.0,1.0,585.0,329.0,0.0,1.0,0.0,0.0,-0.1796768691005018,0.0,-1.0,0.0,0.004960572194823189,0.0,0.0,-1.0,0.9836341690379818,0.0,0.0,0.0,1.0
144,1765339867.478023,3.0,-0.1217958927154541,-0.3764922320842743,0.9185242056846619,56.0,136.0,130.0,134.0,8.61831283569336,10.037237167358398,3.592585325241089,569.0,419.0,33.0,113.0,107.0,111.0,1.0,1.0,585.0,329.0,0.0,1.0,0.0,0.0,-0.1796768691005018,0.0,-1.0,0.0,0.004960572194823189,0.0,0.0,-1.0,0.9836341690379818,0.0,0.0,0.0,1.0
145,1765339867.5109012,3.0,-0.12273552268743515,-0.38290250301361084,0.9146732091903687,56.0,136.0,130.0,134.0,9.833230972290039,8.376537322998047,3.7154319286346436,569.0,419.0,33.0,113.0,107.0,111.0,1.0,1.0,585.0,329.0,0.0,1.0,0.0,0.0,-0.1796768691005018,0.0,-1.0,0.0,0.004960572194823189,0.0,0.0,-1.0,0.9836341690379818,0.0,0.0,0.0,1.0
146,1765339867.5442295,3.0,-0.1217958927154541,-0.3764922320842743,0.9185242056846619,56.0,136.0,130.0,134.0,9.81971549987793,8.078805923461914,3.5128796100616455,569.0,419.0,33.0,113.0,107.0,111.0,1.0,1.0,585.0,329.0,0.0,1.0,0.0,0.0,-0.1796768691005018,0.0,-1.0,0.0,0.004960572194823189,0.0,0.0,-1.0,0.9836341690379818,0.0,0.0,0.0,1.0
147,1765339867.5741482,3.0,-0.1215500608086586,-0.3865380883216858,0.9161866903305054,56.0,136.0,130.0,134.0,9.598867416381836,8.852861404418945,3.8061139583587646,569.0,419.0,33.0,113.0,107.0,111.0,1.0,1.0,585.0,329.0,0.0,1.0,0.0,0.0,-0.1796768691005018,0.0,-1.0,0.0,0.004960572194823189,0.0,0.0,-1.0,0.9836341690379818,0.0,0.0,0.0,1.0
148,1765339867.6061084,3.0,-0.1215500608086586,-0.38780122995376587,0.9137653112411499,56.0,136.0,130.0,134.0,10.154611587524414,8.686100959777832,3.4064767360687256,569.0,419.0,33.0,113.0,107.0,111.0,1.0,1.0,585.0,329.0,0.0,1.0,0.0,0.0,-0.1796768691005018,0.0,-1.0,0.0,0.004960572194823189,0.0,0.0,-1.0,0.9836341690379818,0.0,0.0,0.0,1.0
149,1765339867.645203,3.0,-0.1215500608086586,-0.3865380883216858,0.9137653112411499,57.0,136.0,130.0,134.0,9.489173889160156,7.822629928588867,3.8174149990081787,569.0,419.0,34.0,113.0,107.0,111.0,1.0,1.0,585.0,329.0,0.0,1.0,0.0,0.0,-0.1796768691005018,0.0,-1.0,0.0,0.004960572194823189,0.0,0.0,-1.0,0.9836341690379818,0.0,0.0,0.0,1.0
150,1765339867.688287,3.0,-0.12100891768932343,-0.38780122995376587,0.9137653112411499,56.0,137.0,130.0,135.0,9.42119026184082,9.86299991607666,3.8016560077667236,569.0,418.0,33.0,114.0,107.0,112.0,1.0,1.0,585.0,329.0,0.0,1.0,0.0,0.0,-0.1796768691005018,0.0,-1.0,0.0,0.004960572194823189,0.0,0.0,-1.0,0.9836341690379818,0.0,0.0,0.0,1.0
151,1765339867.7205954,3.0,-0.10200569778680801,-0.38780122995376587,0.9137653112411499,55.0,136.0,130.0,134.0,9.653680801391602,9.757203102111816,3.258051633834839,569.0,419.0,32.0,113.0,107.0,111.0,1.0,1.0,585.0,329.0,0.0,1.0,0.0,0.0,-0.1796768691005018,0.0,-1.0,0.0,0.004960572194823189,0.0,0.0,-1.0,0.9836341690379818,0.0,0.0,0.0,1.0
152,1765339867.7522848,3.0,-0.12100891768932343,-0.3873125910758972,0.9137653112411499,55.0,136.0,130.0,135.0,9.649641036987305,9.317466735839844,3.596301794052124,569.0,419.0,32.0,113.0,107.0,112.0,1.0,1.0,585.0,329.0,0.0,1.0,0.0,0.0,-0.1796768691005018,0.0,-1.0,0.0,0.004960572194823189,0.0,0.0,-1.0,0.9836341690379818,0.0,0.0,0.0,1.0
153,1765339867.784947,3.0,-0.1323293149471283,-0.3873125910758972,0.9135984778404236,55.0,137.0,130.0,136.0,8.80910873413086,7.829463958740234,4.27078914642334,569.0,418.0,32.0,114.0,107.0,113.0,1.0,1.0,585.0,329.0,0.0,1.0,0.0,0.0,-0.1796768691005018,0.0,-1.0,0.0,0.004960572194823189,0.0,0.0,-1.0,0.9836341690379818,0.0,0.0,0.0,1.0
154,1765339867.8162353,3.0,-0.10200569778680801,-0.3873125910758972,0.9165875911712646,55.0,138.0,130.0,136.0,9.04489517211914,6.310304641723633,4.087176322937012,569.0,418.0,32.0,115.0,107.0,113.0,1.0,1.0,585.0,329.0,0.0,1.0,0.0,0.0,-0.1796768691005018,0.0,-1.0,0.0,0.004960572194823189,0.0,0.0,-1.0,0.9836341690379818,0.0,0.0,0.0,1.0
155,1765339867.8479471,3.0,-0.1323293149471283,-0.3802834749221802,0.9165875911712646,55.0,137.0,130.0,136.0,8.369998931884766,8.75067138671875,3.8431408405303955,569.0,418.0,32.0,114.0,107.0,113.0,1.0,1.0,585.0,329.0,0.0,1.0,0.0,0.0,-0.1796768691005018,0.0,-1.0,0.0,0.004960572194823189,0.0,0.0,-1.0,0.9836341690379818,0.0,0.0,0.0,1.0
156,1765339867.882098,3.0,-0.1323293149471283,-0.3802834749221802,0.9152945876121521,56.0,136.0,130.0,135.0,10.00059700012207,8.311138153076172,3.604097604751587,569.0,419.0,33.0,113.0,107.0,112.0,1.0,1.0,585.0,329.0,0.0,1.0,0.0,0.0,-0.1796768691005018,0.0,-1.0,0.0,0.004960572194823189,0.0,0.0,-1.0,0.9836341690379818,0.0,0.0,0.0,1.0
157,1765339867.9123921,3.0,-0.12604272365570068,-0.3802834749221802,0.9152945876121521,55.0,138.0,130.0,136.0,8.749509811401367,7.855503082275391,4.069494247436523,569.0,418.0,32.0,115.0,107.0,113.0,1.0,1.0,585.0,329.0,0.0,1.0,0.0,0.0,-0.1796768691005018,0.0,-1.0,0.0,0.004960572194823189,0.0,0.0,-1.0,0.9836341690379818,0.0,0.0,0.0,1.0
158,1765339867.94451,3.0,-0.08778692036867142,-0.3802834749221802,0.9198521375656128,56.0,137.0,130.0,135.0,8.7513427734375,9.993921279907227,3.578444719314575,569.0,419.0,33.0,114.0,107.0,112.0,1.0,1.0,585.0,329.0,0.0,1.0,0.0,0.0,-0.1796768691005018,0.0,-1.0,0.0,0.004960572194823189,0.0,0.0,-1.0,0.9836341690379818,0.0,0.0,0.0,1.0
159,1765339867.9756482,3.0,-0.12604272365570068,-0.3823159337043762,0.9152945876121521,56.0,137.0,130.0,136.0,8.607391357421875,8.808661460876465,3.6640284061431885,569.0,418.0,33.0,114.0,107.0,113.0,1.0,1.0,585.0,329.0,0.0,1.0,0.0,0.0,-0.1796768691005018,0.0,-1.0,0.0,0.004960572194823189,0.0,0.0,-1.0,0.9836341690379818,0.0,0.0,0.0,1.0
160,1765339868.0079758,3.0,-0.12604272365570068,-0.3823159337043762,0.9128881692886353,56.0,137.0,130.0,136.0,7.880137920379639,8.28497314453125,3.520341634750366,569.0,418.0,33.0,114.0,107.0,113.0,1.0,1.0,585.0,329.0,0.0,1.0,0.0,0.0,-0.1796768691005018,0.0,-1.0,0.0,0.004960572194823189,0.0,0.0,-1.0,0.9836341690379818,0.0,0.0,0.0,1.0
161,1765339868.0402584,3.0,-0.12675654888153076,-0.38097548484802246,0.9128881692886353,56.0,136.0,130.0,134.0,9.75251579284668,9.043252944946289,3.4687154293060303,569.0,419.0,33.0,113.0,107.0,111.0,1.0,1.0,585.0,329.0,0.0,1.0,0.0,0.0,-0.1796768691005018,0.0,-1.0,0.0,0.004960572194823189,0.0,0.0,-1.0,0.9836341690379818,0.0,0.0,0.0,1.0
162,1765339868.0841851,3.0,-0.15349404513835907,-0.38097548484802246,0.9118943810462952,56.0,138.0,130.0,135.0,8.581371307373047,8.70779800415039,3.9504754543304443,569.0,418.0,33.0,115.0,107.0,112.0,1.0,1.0,585.0,329.0,0.0,1.0,0.0,0.0,-0.1796768691005018,0.0,-1.0,0.0,0.004960572194823189,0.0,0.0,-1.0,0.9836341690379818,0.0,0.0,0.0,1.0
163,1765339868.118722,3.0,-0.15349404513835907,-0.37892794609069824,0.9118943810462952,55.0,138.0,130.0,136.0,9.330921173095703,7.807578086853027,3.8239471912384033,569.0,418.0,32.0,115.0,107.0,113.0,1.0,1.0,585.0,329.0,0.0,1.0,0.0,0.0,-0.1796768691005018,0.0,-1.0,0.0,0.004960572194823189,0.0,0.0,-1.0,0.9836341690379818,0.0,0.0,0.0,1.0
164,1765339868.1521516,3.0,-0.15349404513835907,-0.37892794609069824,0.9118943810462952,55.0,138.0,130.0,136.0,7.395667552947998,8.423006057739258,4.392171859741211,569.0,418.0,32.0,115.0,107.0,113.0,1.0,1.0,585.0,329.0,0.0,1.0,0.0,0.0,-0.1796768691005018,0.0,-1.0,0.0,0.004960572194823189,0.0,0.0,-1.0,0.9836341690379818,0.0,0.0,0.0,1.0
165,1765339868.1827269,3.0,-0.1484397053718567,-0.38097548484802246,0.9117550849914551,55.0,138.0,130.0,136.0,9.461843490600586,7.818445205688477,3.6036312580108643,569.0,418.0,32.0,115.0,107.0,113.0,1.0,1.0,585.0,329.0,0.0,1.0,0.0,0.0,-0.1796768691005018,0.0,-1.0,0.0,0.004960572194823189,0.0,0.0,-1.0,0.9836341690379818,0.0,0.0,0.0,1.0
166,1765339868.2145643,3.0,-0.11084266006946564,-0.3860255479812622,0.9118943810462952,55.0,138.0,130.0,136.0,8.67170524597168,7.9870758056640625,3.911511182785034,569.0,418.0,32.0,115.0,107.0,113.0,1.0,1.0,585.0,329.0,0.0,1.0,0.0,0.0,-0.1796768691005018,0.0,-1.0,0.0,0.004960572194823189,0.0,0.0,-1.0,0.9836341690379818,0.0,0.0,0.0,1.0
167,1765339868.2451901,3.0,-0.11084266006946564,-0.3860255479812622,0.9113216400146484,56.0,138.0,130.0,136.0,9.223691940307617,7.580299377441406,4.186650276184082,569.0,418.0,33.0,115.0,107.0,113.0,1.0,1.0,585.0,329.0,0.0,1.0,0.0,0.0,-0.1796768691005018,0.0,-1.0,0.0,0.004960572194823189,0.0,0.0,-1.0,0.9836341690379818,0.0,0.0,0.0,1.0
168,1765339868.2764673,3.0,-0.11419640481472015,-0.3860255479812622,0.9113216400146484,55.0,137.0,130.0,135.0,8.915304183959961,8.676969528198242,3.9955718517303467,569.0,419.0,32.0,114.0,107.0,112.0,1.0,1.0,585.0,329.0,0.0,1.0,0.0,0.0,-0.1796768691005018,0.0,-1.0,0.0,0.004960572194823189,0.0,0.0,-1.0,0.9836341690379818,0.0,0.0,0.0,1.0
169,1765339868.3106098,3.0,-0.11419640481472015,-0.38186702132225037,0.9158726930618286,56.0,138.0,130.0,137.0,8.73187255859375,7.965494155883789,3.7793962955474854,569.0,418.0,33.0,115.0,107.0,114.0,1.0,1.0,585.0,329.0,0.0,1.0,0.0,0.0,-0.1796768691005018,0.0,-1.0,0.0,0.004960572194823189,0.0,0.0,-1.0,0.9836341690379818,0.0,0.0,0.0,1.0
170,1765339868.3427033,3.0,-0.11419640481472015,-0.3797144591808319,0.9187726974487305,55.0,136.0,130.0,135.0,9.85855484008789,8.252206802368164,3.621074914932251,569.0,419.0,32.0,113.0,107.0,112.0,1.0,1.0,585.0,329.0,0.0,1.0,0.0,0.0,-0.1796768691005018,0.0,-1.0,0.0,0.004960572194823189,0.0,0.0,-1.0,0.9836341690379818,0.0,0.0,0.0,1.0
171,1765339868.3744545,3.0,-0.11419640481472015,-0.3797144591808319,0.9169428944587708,56.0,136.0,130.0,134.0,9.822587966918945,8.32423210144043,3.7705562114715576,569.0,419.0,33.0,113.0,107.0,111.0,1.0,1.0,585.0,329.0,0.0,1.0,0.0,0.0,-0.1796768691005018,0.0,-1.0,0.0,0.004960572194823189,0.0,0.0,-1.0,0.9836341690379818,0.0,0.0,0.0,1.0
172,1765339868.405771,3.0,-0.11165153980255127,-0.38186702132225037,0.9169428944587708,55.0,138.0,130.0,136.0,9.002716064453125,9.015872955322266,3.730637788772583,569.0,418.0,32.0,115.0,107.0,113.0,1.0,1.0,585.0,329.0,0.0,1.0,0.0,0.0,-0.1796768691005018,0.0,-1.0,0.0,0.004960572194823189,0.0,0.0,-1.0,0.9836341690379818,0.0,0.0,0.0,1.0
173,1765339868.4391017,3.0,-0.11165153980255127,-0.3830791711807251,0.9158726930618286,56.0,136.0,130.0,135.0,9.673727035522461,9.263843536376953,3.194734811782837,569.0,419.0,33.0,113.0,107.0,112.0,1.0,1.0,585.0,329.0,0.0,1.0,0.0,0.0,-0.1796768691005018,0.0,-1.0,0.0,0.004960572194823189,0.0,0.0,-1.0,0.9836341690379818,0.0,0.0,0.0,1.0
174,1765339868.4870582,3.0,-0.07752351462841034,-0.387119859457016,0.9148225784301758,55.0,139.0,130.0,138.0,9.07785415649414,6.116966247558594,4.169083595275879,569.0,417.0,32.0,116.0,107.0,115.0,1.0,1.0,585.0,329.0,0.0,1.0,0.0,0.0,-0.1796768691005018,0.0,-1.0,0.0,0.004960572194823189,0.0,0.0,-1.0,0.9836341690379818,0.0,0.0,0.0,1.0
175,1765339868.5200615,3.0,-0.11165153980255127,-0.387119859457016,0.9136968851089478,55.0,138.0,130.0,136.0,8.823551177978516,8.612354278564453,3.569655656814575,569.0,418.0,32.0,115.0,107.0,113.0,1.0,1.0,585.0,329.0,0.0,1.0,0.0,0.0,-0.1796768691005018,0.0,-1.0,0.0,0.004960572194823189,0.0,0.0,-1.0,0.9836341690379818,0.0,0.0,0.0,1.0
176,1765339868.5535176,3.0,-0.13617157936096191,-0.387119859457016,0.9130774140357971,55.0,137.0,130.0,135.0,8.573345184326172,10.047630310058594,3.2527692317962646,569.0,418.0,32.0,114.0,107.0,112.0,1.0,1.0,585.0,329.0,0.0,1.0,0.0,0.0,-0.1796768691005018,0.0,-1.0,0.0,0.004960572194823189,0.0,0.0,-1.0,0.9836341690379818,0.0,0.0,0.0,1.0
177,1765339869.113804,4.0,0.35652798414230347,-0.10678082704544067,0.9293186068534851,58.0,137.0,132.0,135.0,9.630035400390625,5.288408279418945,5.230419158935547,569.0,417.0,35.0,114.0,109.0,112.0,1.0,1.0,298.0,168.0,0.0,1.0,0.0,0.0,-0.1796768691005018,0.0,-1.0,0.0,0.004960572194823189,0.0,0.0,-1.0,0.9836341690379818,0.0,0.0,0.0,1.0
178,1765339869.143896,4.0,0.36030319333076477,-0.09377576410770416,0.9283299446105957,58.0,137.0,133.0,136.0,10.677568435668945,5.265851974487305,4.63746452331543,569.0,417.0,35.0,114.0,110.0,113.0,1.0,1.0,298.0,168.0,0.0,1.0,0.0,0.0,-0.1796768691005018,0.0,-1.0,0.0,0.004960572194823189,0.0,0.0,-1.0,0.9836341690379818,0.0,0.0,0.0,1.0
179,1765339869.1774752,4.0,0.35652798414230347,-0.09377576410770416,0.9293186068534851,58.0,136.0,133.0,136.0,9.37571907043457,5.275703430175781,4.909154891967773,569.0,417.0,35.0,113.0,110.0,113.0,1.0,1.0,298.0,168.0,0.0,1.0,0.0,0.0,-0.1796768691005018,0.0,-1.0,0.0,0.004960572194823189,0.0,0.0,-1.0,0.9836341690379818,0.0,0.0,0.0,1.0
180,1765339869.208593,4.0,0.35319647192955017,-0.09072338044643402,0.929566502571106,60.0,135.0,133.0,134.0,11.364677429199219,6.309816360473633,4.492123603820801,569.0,418.0,37.0,112.0,110.0,111.0,1.0,1.0,298.0,168.0,0.0,1.0,0.0,0.0,-0.1796768691005018,0.0,-1.0,0.0,0.004960572194823189,0.0,0.0,-1.0,0.9836341690379818,0.0,0.0,0.0,1.0
181,1765339869.2401707,4.0,0.3392253518104553,-0.0862734243273735,0.9377826452255249,59.0,136.0,133.0,136.0,10.577299118041992,6.619512557983398,4.087973594665527,569.0,417.0,36.0,113.0,110.0,113.0,1.0,1.0,298.0,168.0,0.0,1.0,0.0,0.0,-0.1796768691005018,0.0,-1.0,0.0,0.004960572194823189,0.0,0.0,-1.0,0.9836341690379818,0.0,0.0,0.0,1.0
182,1765339869.288622,4.0,0.32276496291160583,-0.0862734243273735,0.9440881609916687,59.0,135.0,133.0,134.0,10.601781845092773,8.648399353027344,3.9744250774383545,569.0,418.0,36.0,112.0,110.0,111.0,1.0,1.0,298.0,168.0,0.0,1.0,0.0,0.0,-0.1796768691005018,0.0,-1.0,0.0,0.004960572194823189,0.0,0.0,-1.0,0.9836341690379818,0.0,0.0,0.0,1.0
183,1765339869.3218353,4.0,0.32276496291160583,-0.09072338044643402,0.9440881609916687,60.0,135.0,134.0,134.0,11.056039810180664,6.768497467041016,3.7727668285369873,569.0,418.0,37.0,112.0,111.0,111.0,1.0,1.0,298.0,168.0,0.0,1.0,0.0,0.0,-0.1796768691005018,0.0,-1.0,0.0,0.004960572194823189,0.0,0.0,-1.0,0.9836341690379818,0.0,0.0,0.0,1.0
184,1765339869.3528123,4.0,0.3351902663707733,-0.10886374861001968,0.9377826452255249,59.0,136.0,133.0,135.0,11.468341827392578,6.791153907775879,3.609311819076538,569.0,417.0,36.0,113.0,110.0,112.0,1.0,1.0,298.0,168.0,0.0,1.0,0.0,0.0,-0.1796768691005018,0.0,-1.0,0.0,0.004960572194823189,0.0,0.0,-1.0,0.9836341690379818,0.0,0.0,0.0,1.0
185,1765339869.3847873,4.0,0.3351902663707733,-0.10886374861001968,0.9377826452255249,60.0,135.0,134.0,135.0,11.653703689575195,5.971803665161133,3.645129442214966,569.0,418.0,37.0,112.0,111.0,112.0,1.0,1.0,298.0,168.0,0.0,1.0,0.0,0.0,-0.1796768691005018,0.0,-1.0,0.0,0.004960572194823189,0.0,0.0,-1.0,0.9836341690379818,0.0,0.0,0.0,1.0
186,1765339869.414117,4.0,0.3251798152923584,-0.10886374861001968,0.940143346786499,60.0,134.0,134.0,134.0,11.309471130371094,4.767513275146484,4.063667297363281,569.0,418.0,37.0,111.0,111.0,111.0,1.0,1.0,298.0,168.0,0.0,1.0,0.0,0.0,-0.1796768691005018,0.0,-1.0,0.0,0.004960572194823189,0.0,0.0,-1.0,0.9836341690379818,0.0,0.0,0.0,1.0
187,1765339869.448041,4.0,0.3315395414829254,-0.10886374861001968,0.935839831829071,60.0,136.0,134.0,135.0,11.157630920410156,6.6141204833984375,3.9996492862701416,569.0,417.0,37.0,113.0,111.0,112.0,1.0,1.0,298.0,168.0,0.0,1.0,0.0,0.0,-0.1796768691005018,0.0,-1.0,0.0,0.004960572194823189,0.0,0.0,-1.0,0.9836341690379818,0.0,0.0,0.0,1.0
188,1765339869.4759517,4.0,0.3251798152923584,-0.10867636650800705,0.940143346786499,60.0,136.0,134.0,135.0,11.644474029541016,5.626977920532227,4.0072784423828125,569.0,417.0,37.0,113.0,111.0,112.0,1.0,1.0,298.0,168.0,0.0,1.0,0.0,0.0,-0.1796768691005018,0.0,-1.0,0.0,0.004960572194823189,0.0,0.0,-1.0,0.9836341690379818,0.0,0.0,0.0,1.0
189,1765339869.5070446,4.0,0.32298606634140015,-0.10867636650800705,0.9428765177726746,59.0,136.0,132.0,135.0,10.62818717956543,7.294252395629883,3.533508062362671,570.0,417.0,36.0,113.0,109.0,112.0,1.0,1.0,298.0,168.0,0.0,1.0,0.0,0.0,-0.1796768691005018,0.0,-1.0,0.0,0.004960572194823189,0.0,0.0,-1.0,0.9836341690379818,0.0,0.0,0.0,1.0
190,1765339869.541082,4.0,0.3251798152923584,-0.09656788408756256,0.9428765177726746,60.0,135.0,134.0,134.0,11.56063461303711,7.448306083679199,3.797607183456421,569.0,418.0,37.0,112.0,111.0,111.0,1.0,1.0,298.0,168.0,0.0,1.0,0.0,0.0,-0.1796768691005018,0.0,-1.0,0.0,0.004960572194823189,0.0,0.0,-1.0,0.9836341690379818,0.0,0.0,0.0,1.0
191,1765339869.5735817,4.0,0.31355318427085876,-0.09656788408756256,0.9455527663230896,59.0,137.0,134.0,136.0,11.033111572265625,5.774263381958008,3.8956568241119385,569.0,416.0,36.0,114.0,111.0,113.0,1.0,1.0,298.0,168.0,0.0,1.0,0.0,0.0,-0.1796768691005018,0.0,-1.0,0.0,0.004960572194823189,0.0,0.0,-1.0,0.9836341690379818,0.0,0.0,0.0,1.0
192,1765339869.604187,4.0,0.31331339478492737,-0.09656788408756256,0.9455527663230896,60.0,136.0,134.0,135.0,11.245655059814453,6.512632369995117,3.4519002437591553,569.0,417.0,37.0,113.0,111.0,112.0,1.0,1.0,298.0,168.0,0.0,1.0,0.0,0.0,-0.1796768691005018,0.0,-1.0,0.0,0.004960572194823189,0.0,0.0,-1.0,0.9836341690379818,0.0,0.0,0.0,1.0
193,1765339869.6374505,4.0,0.31355318427085876,-0.12336696684360504,0.9425150752067566,60.0,136.0,134.0,136.0,11.189453125,6.556405067443848,3.872776746749878,569.0,417.0,37.0,113.0,111.0,113.0,1.0,1.0,298.0,168.0,0.0,1.0,0.0,0.0,-0.1796768691005018,0.0,-1.0,0.0,0.004960572194823189,0.0,0.0,-1.0,0.9836341690379818,0.0,0.0,0.0,1.0
194,1765339869.6853268,4.0,0.325267493724823,-0.09656788408756256,0.9376680254936218,60.0,136.0,134.0,135.0,11.348190307617188,5.061315536499023,3.8034799098968506,569.0,417.0,37.0,113.0,111.0,112.0,1.0,1.0,298.0,168.0,0.0,1.0,0.0,0.0,-0.1796768691005018,0.0,-1.0,0.0,0.004960572194823189,0.0,0.0,-1.0,0.9836341690379818,0.0,0.0,0.0,1.0
195,1765339869.7182293,4.0,0.325267493724823,-0.1036112830042839,0.937268853187561,59.0,136.0,134.0,135.0,11.76722526550293,5.87076473236084,3.3021457195281982,569.0,417.0,36.0,113.0,111.0,112.0,1.0,1.0,298.0,168.0,0.0,1.0,0.0,0.0,-0.1796768691005018,0.0,-1.0,0.0,0.004960572194823189,0.0,0.0,-1.0,0.9836341690379818,0.0,0.0,0.0,1.0
196,1765339869.7506635,4.0,0.33941343426704407,-0.1036112830042839,0.9368447065353394,59.0,136.0,134.0,136.0,11.799362182617188,7.787746429443359,3.2736194133758545,569.0,417.0,36.0,113.0,111.0,113.0,1.0,1.0,298.0,168.0,0.0,1.0,0.0,0.0,-0.1796768691005018,0.0,-1.0,0.0,0.004960572194823189,0.0,0.0,-1.0,0.9836341690379818,0.0,0.0,0.0,1.0
197,1765339869.7832336,4.0,0.33941343426704407,-0.1036112830042839,0.9343919157981873,59.0,136.0,133.0,135.0,11.981332778930664,6.3666582107543945,3.7531564235687256,569.0,417.0,36.0,113.0,110.0,112.0,1.0,1.0,298.0,168.0,0.0,1.0,0.0,0.0,-0.1796768691005018,0.0,-1.0,0.0,0.004960572194823189,0.0,0.0,-1.0,0.9836341690379818,0.0,0.0,0.0,1.0
198,1765339869.812558,4.0,0.33941343426704407,-0.1036112830042839,0.9343919157981873,59.0,136.0,134.0,135.0,11.530223846435547,6.689647674560547,3.044725179672241,569.0,417.0,36.0,113.0,111.0,112.0,1.0,1.0,298.0,168.0,0.0,1.0,0.0,0.0,-0.1796768691005018,0.0,-1.0,0.0,0.004960572194823189,0.0,0.0,-1.0,0.9836341690379818,0.0,0.0,0.0,1.0
199,1765339869.847583,4.0,0.3382962644100189,-0.11657818406820297,0.9341207146644592,59.0,135.0,134.0,135.0,11.64553451538086,7.118684768676758,3.047093152999878,569.0,417.0,36.0,112.0,111.0,112.0,1.0,1.0,298.0,168.0,0.0,1.0,0.0,0.0,-0.1796768691005018,0.0,-1.0,0.0,0.004960572194823189,0.0,0.0,-1.0,0.9836341690379818,0.0,0.0,0.0,1.0
200,1765339869.8804288,4.0,0.33094918727874756,-0.11657818406820297,0.9368447065353394,59.0,135.0,133.0,135.0,11.720069885253906,6.430041313171387,3.220557451248169,569.0,417.0,36.0,112.0,110.0,112.0,1.0,1.0,298.0,168.0,0.0,1.0,0.0,0.0,-0.1796768691005018,0.0,-1.0,0.0,0.004960572194823189,0.0,0.0,-1.0,0.9836341690379818,0.0,0.0,0.0,1.0
201,1765339869.9093614,4.0,0.323905885219574,-0.11899742484092712,0.938575804233551,59.0,135.0,132.0,135.0,10.882619857788086,5.661256790161133,3.698244333267212,570.0,417.0,36.0,112.0,109.0,112.0,1.0,1.0,298.0,168.0,0.0,1.0,0.0,0.0,-0.1796768691005018,0.0,-1.0,0.0,0.004960572194823189,0.0,0.0,-1.0,0.9836341690379818,0.0,0.0,0.0,1.0
202,1765339869.9412777,4.0,0.3147423267364502,-0.11899742484092712,0.9419909119606018,59.0,137.0,133.0,136.0,11.337705612182617,5.619551658630371,3.478926420211792,569.0,416.0,36.0,114.0,110.0,113.0,1.0,1.0,298.0,168.0,0.0,1.0,0.0,0.0,-0.1796768691005018,0.0,-1.0,0.0,0.004960572194823189,0.0,0.0,-1.0,0.9836341690379818,0.0,0.0,0.0,1.0
203,1765339869.97245,4.0,0.3077496886253357,-0.11899742484092712,0.9452056884765625,60.0,135.0,133.0,134.0,12.098651885986328,6.863472938537598,4.159233093261719,569.0,418.0,37.0,112.0,110.0,111.0,1.0,1.0,298.0,168.0,0.0,1.0,0.0,0.0,-0.1796768691005018,0.0,-1.0,0.0,0.004960572194823189,0.0,0.0,-1.0,0.9836341690379818,0.0,0.0,0.0,1.0
204,1765339870.0043974,4.0,0.3077496886253357,-0.10966674238443375,0.9452056884765625,58.0,137.0,132.0,135.0,10.556669235229492,6.005512237548828,3.6522862911224365,570.0,416.0,35.0,114.0,109.0,112.0,1.0,1.0,298.0,168.0,0.0,1.0,0.0,0.0,-0.1796768691005018,0.0,-1.0,0.0,0.004960572194823189,0.0,0.0,-1.0,0.9836341690379818,0.0,0.0,0.0,1.0
205,1765339870.039411,4.0,0.3226941227912903,-0.10966674238443375,0.9413350224494934,60.0,136.0,134.0,136.0,11.609514236450195,5.910484313964844,3.4254539012908936,569.0,416.0,37.0,113.0,111.0,113.0,1.0,1.0,298.0,168.0,0.0,1.0,0.0,0.0,-0.1796768691005018,0.0,-1.0,0.0,0.004960572194823189,0.0,0.0,-1.0,0.9836341690379818,0.0,0.0,0.0,1.0
206,1765339870.0690653,4.0,0.3226941227912903,-0.10966674238443375,0.9413350224494934,60.0,135.0,134.0,135.0,11.772418975830078,6.731363296508789,3.700826406478882,569.0,417.0,37.0,112.0,111.0,112.0,1.0,1.0,298.0,168.0,0.0,1.0,0.0,0.0,-0.1796768691005018,0.0,-1.0,0.0,0.004960572194823189,0.0,0.0,-1.0,0.9836341690379818,0.0,0.0,0.0,1.0
207,1765339870.118107,4.0,0.3226941227912903,-0.09877686947584152,0.9413350224494934,60.0,135.0,134.0,135.0,11.547473907470703,5.449119567871094,3.358945608139038,569.0,417.0,37.0,112.0,111.0,112.0,1.0,1.0,298.0,168.0,0.0,1.0,0.0,0.0,-0.1796768691005018,0.0,-1.0,0.0,0.004960572194823189,0.0,0.0,-1.0,0.9836341690379818,0.0,0.0,0.0,1.0
208,1765339870.1518426,4.0,0.3226941227912903,-0.09877686947584152,0.9413350224494934,60.0,135.0,134.0,135.0,12.256053924560547,6.031765937805176,3.3086483478546143,569.0,417.0,37.0,112.0,111.0,112.0,1.0,1.0,298.0,168.0,0.0,1.0,0.0,0.0,-0.1796768691005018,0.0,-1.0,0.0,0.004960572194823189,0.0,0.0,-1.0,0.9836341690379818,0.0,0.0,0.0,1.0
209,1765339870.1820984,4.0,0.3235268294811249,-0.09810424596071243,0.9411194920539856,60.0,135.0,134.0,135.0,11.89215087890625,7.34783935546875,3.3586299419403076,569.0,417.0,37.0,112.0,111.0,112.0,1.0,1.0,298.0,168.0,0.0,1.0,0.0,0.0,-0.1796768691005018,0.0,-1.0,0.0,0.004960572194823189,0.0,0.0,-1.0,0.9836341690379818,0.0,0.0,0.0,1.0
210,1765339870.2156837,4.0,0.3115413784980774,-0.09836750477552414,0.9445720314979553,59.0,137.0,133.0,136.0,11.104034423828125,6.434927940368652,3.5139987468719482,570.0,416.0,36.0,114.0,110.0,113.0,1.0,1.0,298.0,168.0,0.0,1.0,0.0,0.0,-0.1796768691005018,0.0,-1.0,0.0,0.004960572194823189,0.0,0.0,-1.0,0.9836341690379818,0.0,0.0,0.0,1.0
211,1765339870.2500033,4.0,0.3115413784980774,-0.09836750477552414,0.9445720314979553,59.0,137.0,134.0,136.0,11.854684829711914,6.450085639953613,3.207778215408325,569.0,416.0,36.0,114.0,111.0,113.0,1.0,1.0,298.0,168.0,0.0,1.0,0.0,0.0,-0.1796768691005018,0.0,-1.0,0.0,0.004960572194823189,0.0,0.0,-1.0,0.9836341690379818,0.0,0.0,0.0,1.0
212,1765339870.284448,4.0,0.3115413784980774,-0.10356489568948746,0.9445720314979553,59.0,136.0,134.0,136.0,12.068094253540039,6.074163436889648,3.374781370162964,569.0,416.0,36.0,113.0,111.0,113.0,1.0,1.0,298.0,168.0,0.0,1.0,0.0,0.0,-0.1796768691005018,0.0,-1.0,0.0,0.004960572194823189,0.0,0.0,-1.0,0.9836341690379818,0.0,0.0,0.0,1.0
213,1765339870.3164384,4.0,0.3235268294811249,-0.11065134406089783,0.9411194920539856,59.0,136.0,133.0,136.0,11.285614013671875,6.383045196533203,3.143345594406128,569.0,416.0,36.0,113.0,110.0,113.0,1.0,1.0,298.0,168.0,0.0,1.0,0.0,0.0,-0.1796768691005018,0.0,-1.0,0.0,0.004960572194823189,0.0,0.0,-1.0,0.9836341690379818,0.0,0.0,0.0,1.0
214,1765339870.348122,4.0,0.3272402584552765,-0.11072546243667603,0.9384403228759766,60.0,136.0,134.0,135.0,11.939876556396484,6.868826866149902,3.753708600997925,569.0,417.0,37.0,113.0,111.0,112.0,1.0,1.0,298.0,168.0,0.0,1.0,0.0,0.0,-0.1796768691005018,0.0,-1.0,0.0,0.004960572194823189,0.0,0.0,-1.0,0.9836341690379818,0.0,0.0,0.0,1.0
215,1765339870.376653,4.0,0.3272402584552765,-0.11272881925106049,0.9384403228759766,59.0,137.0,133.0,136.0,10.86477279663086,5.831068992614746,3.614792585372925,570.0,416.0,36.0,114.0,110.0,113.0,1.0,1.0,298.0,168.0,0.0,1.0,0.0,0.0,-0.1796768691005018,0.0,-1.0,0.0,0.004960572194823189,0.0,0.0,-1.0,0.9836341690379818,0.0,0.0,0.0,1.0
216,1765339870.40912,4.0,0.3272402584552765,-0.12962204217910767,0.9384403228759766,60.0,136.0,134.0,135.0,12.057437896728516,6.546316146850586,3.0843331813812256,569.0,417.0,37.0,113.0,111.0,112.0,1.0,1.0,298.0,168.0,0.0,1.0,0.0,0.0,-0.1796768691005018,0.0,-1.0,0.0,0.004960572194823189,0.0,0.0,-1.0,0.9836341690379818,0.0,0.0,0.0,1.0
217,1765339870.441419,4.0,0.3272402584552765,-0.12962204217910767,0.9384403228759766,60.0,135.0,134.0,135.0,11.765874862670898,6.9542646408081055,3.300710916519165,569.0,417.0,37.0,112.0,111.0,112.0,1.0,1.0,298.0,168.0,0.0,1.0,0.0,0.0,-0.1796768691005018,0.0,-1.0,0.0,0.004960572194823189,0.0,0.0,-1.0,0.9836341690379818,0.0,0.0,0.0,1.0
218,1765339870.4775174,4.0,0.31996893882751465,-0.12962204217910767,0.9411827325820923,59.0,137.0,134.0,136.0,11.361373901367188,7.339046478271484,3.5691115856170654,569.0,416.0,36.0,114.0,111.0,113.0,1.0,1.0,298.0,168.0,0.0,1.0,0.0,0.0,-0.1796768691005018,0.0,-1.0,0.0,0.004960572194823189,0.0,0.0,-1.0,0.9836341690379818,0.0,0.0,0.0,1.0
219,1765339870.5224993,4.0,0.3005076050758362,-0.11529206484556198,0.9447721838951111,60.0,136.0,133.0,135.0,11.558650970458984,6.438892364501953,3.7155697345733643,569.0,417.0,37.0,113.0,110.0,112.0,1.0,1.0,298.0,168.0,0.0,1.0,0.0,0.0,-0.1796768691005018,0.0,-1.0,0.0,0.004960572194823189,0.0,0.0,-1.0,0.9836341690379818,0.0,0.0,0.0,1.0
220,1765339870.5503721,4.0,0.31996893882751465,-0.11529206484556198,0.9411827325820923,58.0,136.0,133.0,136.0,12.36459732055664,6.043169021606445,2.8845818042755127,569.0,416.0,35.0,113.0,110.0,113.0,1.0,1.0,298.0,168.0,0.0,1.0,0.0,0.0,-0.1796768691005018,0.0,-1.0,0.0,0.004960572194823189,0.0,0.0,-1.0,0.9836341690379818,0.0,0.0,0.0,1.0
