,time_sec,gaze_x,gaze_y,gaze_z,Sgaze_x,Sgaze_y,Sgaze_z,REyePos_x,REyePos_y,LEyePos_x,LEyePos_y,yaw,pitch,roll,HeadPos_x,HeadPos_y,set_x,set_y,set_z,WTransG_x,WTransG_y,WTransG_z,RegSgaze_x,RegSgaze_y,RegSgaze_z,CalPSgaze_x,CalPSgaze_y,CalPSgaze_z,ROpenClose,LOpenClose
0,2025-10-22 20:54:38.844189,0.01124262623488903,0.1281893253326416,0.9915306568145752,108.98669930901377,59.85777281039266,-3.1554436208840472e-30,62,157,157,150,-0.72278166,7.552018,0.63534546,469,449,298,168,0,0.0,0.0,0.0,106.92480555494502,58.01773028849849,0.0,111.0485930630825,61.69781533228682,-6.310887241768095e-30,1,1
1,2025-10-22 20:54:38.898974,0.011829514987766743,0.12704873085021973,0.9915306568145752,276.98516845703125,42.98195266723633,0.0,60,155,155,146,-1.7891891,4.57393,0.32664347,472,452,298,168,0,-182.11699312305657,45.04401916775929,489.73097245779934,283.1990344237174,40.310589841388776,0.0,287.3228219318549,43.99067488517709,0.0,1,1
2,2025-10-22 20:54:38.949645,0.01800837367773056,0.12704873085021973,0.9915306568145752,290.7111511230469,41.13914489746094,0.0,59,158,156,149,-2.6846116,5.4232464,0.7391629,472,450,298,168,0,-181.768292333795,44.88137327254918,489.8792765316924,279.7958146750261,40.12894116069891,0.0,283.91960218316365,43.80902620448725,0.0,1,1
3,2025-10-22 20:54:39.004408,0.01800837367773056,0.006767694838345051,0.9997478127479553,289.0357971191406,89.67831420898438,0.0,60,157,156,149,-2.6987023,4.8284416,0.73925185,472,451,298,168,0,-181.70783364594163,45.24817413728655,489.86745377629353,279.80869775517937,99.94979470679247,0.0,283.93248526331683,103.62987975058081,0.0,1,1
4,2025-10-22 20:54:39.058218,0.01800837367773056,0.006767694838345051,0.9998046159744263,286.7452087402344,105.42878723144531,0.0,60,157,157,149,-2.3714952,4.9420586,1.1285031,471,451,298,168,0,-181.79526309828458,45.464111622924534,489.81314913547914,279.89760666319285,100.16628818403105,0.0,284.0213941713303,103.84637322781937,0.0,1,1
5,2025-10-22 20:54:39.107189,0.01800837367773056,0.006767694838345051,0.9998046159744263,284.69378662109375,109.03445434570312,0.0,60,155,156,147,-1.4097099,4.7231226,0.49008703,471,452,298,168,0,-181.60976824631334,45.44340241516878,489.8839086829018,279.7108372978308,100.14510000366784,0.0,283.83462480596825,103.82518504745617,0.0,1,1
6,2025-10-22 20:54:39.159630,0.013494051992893219,0.00895602535456419,0.9997478127479553,284.9893798828125,107.04161071777344,0.0,59,157,156,148,-3.0491362,4.072443,0.74197006,471,450,298,168,0,-181.8751597007145,44.969921220557914,489.8277778376782,282.1885364358884,98.59963490952416,0.0,286.3123239440259,102.2797199533125,0.0,1,1
7,2025-10-22 20:54:39.210571,0.008659045211970806,0.016661014407873154,0.9998046159744263,286.93487548828125,101.92961120605469,0.0,59,157,155,148,-2.92254,4.3166237,0.79725003,472,450,298,168,0,-182.48000391858392,45.06909400643107,489.5932382992697,285.1645710127605,94.92811021522775,0.0,289.288358520898,98.6081952590161,0.0,1,1
8,2025-10-22 20:54:39.260990,0.008659045211970806,0.017767686396837234,0.9995675086975098,287.2726745605469,98.31881713867188,0.0,60,156,156,147,-1.7090988,4.4129734,0.3323164,471,452,298,168,0,-181.99355339917307,44.887401389617864,489.79567796309146,284.675360974285,94.19883027390769,0.0,288.7991484824225,97.87891531769601,0.0,1,1
9,2025-10-22 20:54:39.308699,0.009993861429393291,0.02923344448208809,0.9995638728141785,286.7603454589844,92.74909210205078,0.0,60,156,156,148,-2.4285002,4.527996,0.92932296,471,451,298,168,0,-181.99624849802063,45.06886162718736,489.776277252574,284.0241621390096,88.76249717885193,0.0,288.1479496471471,92.44258222264025,0.0,1,1
10,2025-10-22 20:54:39.363839,-0.001036974834278226,0.02923344448208809,0.9995638728141785,290.2997131347656,90.41653442382812,0.0,59,156,155,147,-3.048224,4.5438023,0.8945463,472,451,298,168,0,-182.19081076616482,45.07722852904808,489.70018539442174,289.62364465467266,88.7730894783799,0.0,293.7474321628101,92.45317452216824,0.0,1,1
11,2025-10-22 20:54:39.412117,-0.004177656024694443,0.026002928614616394,0.9995638728141785,292.6349792480469,90.7365493774414,0.0,59,156,155,148,-4.5631113,3.9649792,0.8144963,473,450,298,168,0,-181.86058962574123,44.890293453231166,489.8401192374575,290.8326715788498,90.16518859178954,0.0,294.9564590869873,93.84527363557787,0.0,1,1
12,2025-10-22 20:54:39.463349,-0.004177656024694443,0.026002928614616394,0.9994798302650452,293.3061828613281,91.21231842041016,0.0,59,155,155,148,-2.526276,5.0541067,0.6804974,473,451,298,168,0,-181.6927269210747,44.88671120218162,489.9058532608613,290.66525577911585,90.15882467633504,0.0,294.7890432872533,93.83890972012338,0.0,1,1
13,2025-10-22 20:54:39.518927,-0.0029007650446146727,0.01728896237909794,0.9994798302650452,292.9374694824219,94.5533447265625,0.0,60,157,156,148,-2.4894762,4.539445,0.9079654,472,451,298,168,0,-181.74725905550477,44.865338755733234,489.8893627064289,290.093858123472,94.40898231903418,0.0,294.21764563160946,98.08906736282252,0.0,1,1
14,2025-10-22 20:54:39.569945,-0.0029007650446146727,0.01728896237909794,0.9994798302650452,292.8109130859375,96.15426635742188,0.0,60,155,156,147,-1.638124,5.2191114,0.46682334,471,452,298,168,0,-182.06568717160818,44.96952052197247,489.7599557432373,290.41191066501756,94.51540256177935,0.0,294.535698173155,98.1954876055677,0.0,1,1
15,2025-10-22 20:54:39.627566,0.013809865340590477,0.026002928614616394,0.999459445476532,286.84698486328125,93.66252136230469,0.0,59,157,155,149,-3.3785384,3.2255344,0.8533304,472,450,298,168,0,-181.8904927335219,44.87689839764479,489.8310734979887,282.04713856446847,90.15069745908261,0.0,286.170926072606,93.83078250287095,0.0,1,1
16,2025-10-22 20:54:39.677216,0.013809865340590477,0.03184780478477478,0.9994149208068848,284.25994873046875,90.53694152832031,0.0,59,157,155,149,-2.9057662,4.3827076,0.7803278,472,450,298,168,0,-181.96378991158073,45.06351754795531,489.78814023837987,282.12072746566645,87.47343895601792,0.0,286.2445149738039,91.15352399980625,0.0,1,1
17,2025-10-22 20:54:39.730925,0.013809865340590477,0.03184780478477478,0.999194324016571,283.4029846191406,89.06526947021484,0.0,60,155,156,147,-1.1278691,5.360981,0.5525031,471,452,298,168,0,-181.89729243915056,44.84880633058882,489.8309863456701,282.052143643384,87.25391627516724,0.0,286.17593115152147,90.93400131895558,0.0,1,1
18,2025-10-22 20:54:39.784248,0.017607271671295166,0.03184780478477478,0.999194324016571,281.88995361328125,88.94914245605469,0.0,60,156,157,148,-2.6228304,5.2004604,1.1567767,470,451,298,168,0,-181.65221583914493,45.313351997546995,489.8830923788725,279.9445617339749,87.71680114128452,0.0,284.0683492421124,91.39688618507286,0.0,1,1
19,2025-10-22 20:54:39.843396,0.017607271671295166,0.02670254558324814,0.9993549585342407,281.78369140625,90.783203125,0.0,60,155,155,148,-1.7938476,4.404688,0.45850205,471,451,298,168,0,-182.10505969902798,45.205831797108175,489.7226455239879,280.4016200146907,90.13828027099193,0.0,284.5254075228282,93.81836531478028,0.0,1,1
20,2025-10-22 20:54:39.901618,0.017607271671295166,0.023292813450098038,0.9994149208068848,281.8988952636719,92.63529205322266,0.0,59,157,155,147,-4.1681995,3.9800196,0.59798837,472,450,298,168,0,-182.02268126902436,44.87743615094975,489.78422565079677,280.3186743639892,91.48003508472118,0.0,284.4424618721267,95.1601201285095,0.0,1,1
21,2025-10-22 20:54:39.957500,0.017607271671295166,0.023292813450098038,0.9994882941246033,282.115234375,93.28370666503906,0.0,59,155,154,147,-2.7690628,4.7852545,0.51474714,472,451,298,168,0,-182.0736343035786,44.70283620896213,489.78211008303015,280.37029811572796,91.306322440354,0.0,284.49408562386543,94.98640748414232,0.0,1,1
22,2025-10-22 20:54:40.014910,0.017607271671295166,0.023292813450098038,0.9995033144950867,282.2597351074219,93.55716705322266,0.0,60,156,156,148,-1.9402122,5.591282,0.820451,470,451,298,168,0,-182.04909921604468,44.87191762143348,489.7754165051705,280.34601060469106,91.47573137393525,0.0,284.4697981128285,95.1558164177236,0.0,1,1
23,2025-10-22 20:54:40.070864,0.01368233934044838,0.022224044427275658,0.9995740056037903,283.98919677734375,94.19194793701172,0.0,60,156,156,147,-2.1112638,5.5380945,0.38323402,470,452,298,168,0,-182.47940181028278,45.24012796441238,489.57715038213786,282.70279189493266,92.37283695416333,0.0,286.8265794030701,96.05292199795167,0.0,1,1
24,2025-10-22 20:54:40.128578,0.008612019009888172,0.022224044427275658,0.9996269345283508,286.49334716796875,94.25968933105469,0.0,60,155,155,146,-2.3070858,4.2404375,0.23267412,471,453,298,168,0,-182.50180264262744,45.05104090939003,489.5880791277395,285.2086927945105,92.1840832750554,0.0,289.332480302648,95.86416831884374,0.0,1,1
25,2025-10-22 20:54:40.182408,0.008612019009888172,0.022224044427275658,0.9997159242630005,286.9920654296875,94.08104705810547,0.0,61,156,157,147,-2.1517553,5.3799667,0.54851174,470,452,298,168,0,-181.79048546207562,44.872263025827685,489.8664053356105,284.4953534400875,92.0000870005558,0.0,288.619140948225,95.68017204434415,0.0,1,1
26,2025-10-22 20:54:40.232753,0.006490660831332207,0.012753834016621113,0.9997300505638123,287.8242492675781,97.44739532470703,0.0,61,155,157,147,-2.1425447,5.6971865,0.9953544,470,452,298,168,0,-181.91670143467712,45.248287811097356,489.7867100704362,285.66160916323554,97.01767295856264,0.0,289.785396671373,100.697758002351,0.0,1,1
27,2025-10-22 20:54:40.282833,0.006490660831332207,-0.0038727656938135624,0.9997300505638123,288.009033203125,104.55939483642578,0.0,60,156,156,148,-2.7163036,4.5206223,0.70282245,471,452,298,168,0,-181.8628122125573,45.23732107754594,489.8075740866177,285.6075844832963,105.15247354358416,0.0,289.73137199143383,108.83255858737252,0.0,1,1
28,2025-10-22 20:54:40.336913,0.006490660831332207,-0.0038727656938135624,0.9998416900634766,288.19366455078125,107.51801300048828,0.0,60,156,156,147,-3.2923794,4.5095634,0.72787166,471,452,298,168,0,-182.1934122336129,45.32941612940121,489.67617437109243,285.93939258391447,105.24384777375317,0.0,290.063180092052,108.92393281754153,0.0,1,1
29,2025-10-22 20:54:40.391868,0.006490660831332207,-0.004005384165793657,0.9998416900634766,288.22589111328125,108.39364624023438,0.0,59,157,155,149,-3.0339897,3.6194067,1.5681226,471,453,298,168,0,-182.24237551954405,45.41958136222925,489.65064335582457,285.98852160924463,105.39886111716736,0.0,290.1123091173821,109.07894616095571,0.0,1,1
30,2025-10-22 20:54:40.447384,0.005987859796732664,-0.005212234333157539,0.9996679425239563,288.6767883300781,108.96566772460938,0.0,59,158,155,153,-2.5670376,4.4385242,1.5343769,471,451,298,168,0,-182.70510363741073,45.76941499785848,489.4483403492096,286.6981876525462,106.33911212990111,0.0,290.82197516068373,110.01919717368945,0.0,1,1
31,2025-10-22 20:54:40.496682,-0.12288089841604233,-0.15946531295776367,0.9776992201805115,333.4302673339844,162.98883056640625,0.0,59,157,154,150,-3.329629,4.2148743,1.5510981,471,453,298,168,0,-182.29078005774105,46.15838526814772,489.564820852665,350.74592518701587,184.02542479100157,0.0,354.86971269515334,187.7055098347899,0.0,1,1
32,2025-10-22 20:54:40.545535,-0.12682971358299255,-0.2040974348783493,0.9698130488395691,354.5534362792969,202.07015991210938,0.0,58,157,154,152,-3.1392672,3.8108406,1.5099552,471,452,298,168,0,-182.19642569126796,45.603195621499495,489.64975487260995,353.15639579755,206.6678575613003,0.0,357.28018330568744,210.34794260508866,0.0,1,1
33,2025-10-22 20:54:40.600955,-0.13665713369846344,-0.2040974348783493,0.9686875939369202,364.6844482421875,215.84339904785156,0.0,59,157,155,150,-2.6033716,5.7556057,1.4220512,470,452,298,168,0,-182.19876758800467,45.41928633299127,489.66604863623803,358.2029740714994,206.60710478944162,0.0,362.3267615796369,210.28718983323,0.0,1,1
34,2025-10-22 20:54:40.656929,-0.15194323658943176,-0.2040974348783493,0.9686875939369202,371.8160095214844,217.66366577148438,0.0,59,157,155,149,-3.1007166,5.8496437,1.2361181,470,452,298,168,0,-182.20867125000188,45.228200971575994,489.6801970019697,365.9421347168752,206.41900041505625,0.0,370.06592222501274,210.09908545884463,0.0,1,1
35,2025-10-22 20:54:40.710939,-0.15236149728298187,-0.19561223685741425,0.9670870900154114,373.0456848144531,212.5178985595703,0.0,58,156,154,148,-3.3285856,5.350258,0.98208785,471,453,298,168,0,-182.17527307517386,45.24412765278852,489.692191168476,366.24952693164073,202.31166004809376,0.0,370.37331443977826,205.99174509188208,0.0,1,1
36,2025-10-22 20:54:40.762283,-0.15236149728298187,-0.19300396740436554,0.9686875939369202,372.0099792480469,207.24411010742188,0.0,58,157,155,149,-3.2667542,3.4350824,1.3728559,470,453,298,168,0,-182.3376297779935,45.03215813660878,489.65261718150623,366.2781898127705,200.60961599617778,0.0,370.40197732090803,204.28970103996613,0.0,1,1
37,2025-10-22 20:54:40.822924,-0.15618547797203064,-0.19300396740436554,0.9686875939369202,372.0312194824219,204.42054748535156,0.0,59,158,155,151,-3.429705,4.1692257,1.654988,470,452,298,168,0,-182.4933355164039,45.375076304569895,489.55974420665996,368.3518686460219,200.9340298984477,0.0,372.4756561541593,204.61411494223603,0.0,1,1
38,2025-10-22 20:54:40.877052,-0.1609741896390915,-0.19561223685741425,0.9659159183502197,373.41790771484375,204.0776824951172,0.0,58,156,154,149,-3.545501,3.4513407,1.121403,471,454,298,168,0,-182.5226397161074,45.22550749187885,489.56547625135534,371.03571223888594,202.38747598825276,0.0,375.15949974702346,206.0675610320411,0.0,1,1
39,2025-10-22 20:54:40.927234,-0.1609741896390915,-0.19561223685741425,0.9659159183502197,373.6156921386719,204.16197204589844,0.0,59,156,155,148,-2.7136776,5.6213083,0.9266918,470,454,298,168,0,-182.331603560133,45.42036088514219,489.6190787440242,370.8536091770413,202.59318467781353,0.0,374.97739668517875,206.27326972160188,0.0,1,1
40,2025-10-22 20:54:40.983972,-0.15709085762500763,-0.2082749605178833,0.9647325277328491,372.1812744140625,208.94744873046875,0.0,59,156,155,148,-2.832828,5.072072,1.5481994,470,454,298,168,0,-182.36393587674402,45.597255122137256,489.5913420833209,369.0106556438998,209.31227923147628,0.0,373.13444315203725,212.99236427526466,0.0,1,1
41,2025-10-22 20:54:41.043502,-0.1609741896390915,-0.2082749605178833,0.9642800092697144,372.9236755371094,210.97837829589844,0.0,59,156,154,148,-3.4772575,4.841362,0.9088323,470,454,298,168,0,-182.5365031857576,45.431961234339916,489.5389947245092,371.18357013259225,209.18528058210825,0.0,375.3073576407297,212.8653656258966,0.0,1,1
42,2025-10-22 20:54:41.103931,-0.1609741896390915,-0.20575350522994995,0.9647325277328491,373.2110290527344,210.92742919921875,0.0,58,157,153,149,-3.473701,3.3797255,1.210397,471,453,298,168,0,-182.52931135223875,45.787962231220796,489.5080084937194,371.1328752406465,208.2056020183709,0.0,375.256662748784,211.88568706215926,0.0,1,1
43,2025-10-22 20:54:41.158334,-0.18075481057167053,-0.19922775030136108,0.9642800092697144,380.3652648925781,208.12698364257812,0.0,58,158,153,151,-4.1122904,5.2347097,1.5133245,471,451,298,168,0,-182.60585836247924,45.432642875117466,489.5142796814334,381.2903810590832,204.5878308976848,0.0,385.4141685672207,208.26791594147318,0.0,1,1
44,2025-10-22 20:54:41.225482,-0.18075481057167053,-0.19922775030136108,0.9642800092697144,383.41943359375,206.60653686523438,0.0,58,156,155,148,-2.7999406,4.8419485,0.81499743,470,453,298,168,0,-182.56938742189314,45.200327719715894,489.54867361483906,381.2603572799625,204.36262179644856,0.0,385.3841447880999,208.04270684023692,0.0,1,1
45,2025-10-22 20:54:41.282430,-0.18075481057167053,-0.18939480185508728,0.9652484059333801,384.4317626953125,202.75125122070312,0.0,58,157,154,149,-3.2661445,4.3102856,1.1582406,471,452,298,168,0,-182.8521454923746,45.61828569253142,489.40396372631346,381.42395114863865,199.6636977334894,0.0,385.5477386567761,203.34378277727777,0.0,1,1
46,2025-10-22 20:54:41.343297,-0.1545940637588501,-0.18874117732048035,0.9713677763938904,374.6746826171875,200.1634521484375,0.0,57,156,152,148,-3.9009297,3.722021,1.2584827,472,452,298,168,0,-182.53668094550906,45.02519499381071,489.57657909869556,367.3780436720324,198.16988149106805,0.0,371.5018311801699,201.8499665348564,0.0,1,1
47,2025-10-22 20:54:41.404493,-0.1545940637588501,-0.18040317296981812,0.9713677763938904,370.01953125,196.55564880371094,0.0,59,157,154,149,-4.079402,5.013406,1.5945957,470,451,298,168,0,-182.37004951099405,45.232720397877046,489.6228252261617,367.21877235070195,194.18357959575843,0.0,371.3425598588394,197.8636646395468,0.0,1,1
48,2025-10-22 20:54:41.464934,-0.1450291872024536,-0.18040317296981812,0.9719110727310181,365.0302429199219,195.00839233398438,0.0,59,156,154,148,-3.5707836,2.1772923,0.8837683,470,452,298,168,0,-182.41473858365634,44.86269239612847,489.6409050789081,362.4040707985634,193.76607608482766,0.0,366.5278583067009,197.44616112861598,0.0,1,1
49,2025-10-22 20:54:41.525537,-0.1545940637588501,-0.18040317296981812,0.9719110727310181,366.94000244140625,194.867919921875,0.0,57,156,153,148,-4.3337855,4.0669117,1.5076711,471,451,298,168,0,-182.78661494167733,45.107114310306066,489.47795122222976,367.56873452759737,193.98025100047084,0.0,371.6925220357349,197.66033604425922,0.0,1,1
50,2025-10-22 20:54:41.584468,-0.17322798073291779,-0.17430682480335236,0.9713677763938904,374.7188720703125,192.97067260742188,0.0,58,157,154,149,-4.1164083,3.4125967,1.346667,470,451,298,168,0,-182.50704989586464,45.03209912087601,489.58641711513104,376.7417997295538,190.90353004477976,0.0,380.86558723769133,194.58361508856814,0.0,1,1
51,2025-10-22 20:54:41.636622,-0.17322798073291779,-0.1740746945142746,0.9707610607147217,378.3821716308594,192.16958618164062,0.0,57,157,154,149,-4.2464447,3.882928,1.5740235,471,451,298,168,0,-182.54882759548912,44.86991184785825,489.58652332070034,376.8381641983247,190.6791986112427,0.0,380.96195170646223,194.35928365503105,0.0,1,1
52,2025-10-22 20:54:41.688560,-0.17037661373615265,-0.16529390215873718,0.9714163541793823,378.6188049316406,188.87799072265625,0.0,58,156,154,148,-4.404126,3.6479263,1.2993772,471,452,298,168,0,-182.56183961302918,44.82477880194879,489.586034912103,375.3550891178386,186.14930725672713,0.0,379.4788766259761,189.8293923005155,0.0,1,1
53,2025-10-22 20:54:41.740445,-0.17212064564228058,-0.16529390215873718,0.9707610607147217,378.8507080078125,187.69451904296875,0.0,58,155,153,147,-3.5443301,3.9227123,1.3013632,471,453,298,168,0,-182.3625180545436,44.87797836108001,489.65796413592074,376.1060561912303,186.27098902551282,0.0,380.2298436993678,189.95107406930117,0.0,1,1
54,2025-10-22 20:54:41.795230,-0.17212064564228058,-0.16529390215873718,0.9705541133880615,378.84832763671875,187.44613647460938,0.0,58,157,154,149,-4.5670686,4.063141,1.6753261,471,451,298,168,0,-182.54774397763907,44.85104784884315,489.58846068825835,376.29746819529026,186.24999923850316,0.0,380.42125570342773,189.9300842822915,0.0,1,1
55,2025-10-22 20:54:41.848939,-0.17212064564228058,-0.16529390215873718,0.9701480865478516,378.5809631347656,187.64529418945312,0.0,58,156,154,148,-3.7161324,3.5489063,0.9136121,471,452,298,168,0,-182.32657545285144,44.91811012260145,489.6665050861656,376.1264840703976,186.3652554709535,0.0,380.25027157853515,190.04534051474184,0.0,1,1
56,2025-10-22 20:54:41.900064,-0.18628858029842377,-0.16529390215873718,0.9690974950790405,383.5487060546875,187.89425659179688,0.0,58,156,153,148,-4.4534035,3.1746082,1.1428516,471,452,298,168,0,-182.50785872758865,44.866207753615136,489.6039745732079,383.54871534535215,186.39313281413402,0.0,387.6725028534897,190.07321785792237,0.0,1,1
57,2025-10-22 20:54:41.953617,-0.18628858029842377,-0.17105072736740112,0.9690974950790405,385.5872497558594,190.06224060058594,0.0,57,157,153,149,-4.3117614,3.487053,1.1290977,471,451,298,168,0,-182.36259577903226,44.805406515221,489.66454140069806,383.4150950935973,189.2514646014123,0.0,387.53888260173477,192.93154964520065,0.0,1,1
58,2025-10-22 20:54:42.006049,-0.18628858029842377,-0.1626327782869339,0.9701480865478516,386.16436767578125,188.06710815429688,0.0,58,155,154,147,-3.788119,3.4396362,1.0912292,470,453,298,168,0,-182.4609887157756,44.89790185945689,489.61688601417404,383.4024045701595,184.99357011722702,0.0,387.52619207829696,188.6736551610154,0.0,1,1
59,2025-10-22 20:54:42.060539,-0.17711946368217468,-0.17102399468421936,0.9701480865478516,382.9749755859375,190.11729431152344,0.0,57,155,153,147,-5.4361987,3.4497786,1.433007,471,453,298,168,0,-182.56855858671557,45.022148803516856,489.5655917883575,378.8731158075661,189.34367572735408,0.0,382.99690331570355,193.0237607711424,0.0,1,1
60,2025-10-22 20:54:42.116497,-0.17711946368217468,-0.17102399468421936,0.9708258509635925,381.5281982421875,191.27516174316406,0.0,58,158,153,150,-4.8446198,3.98555,1.7382886,471,450,298,168,0,-182.85529337754326,45.413859209972124,489.4217718736543,379.07121294907637,189.64979890047803,0.0,383.1950004572139,193.32988394426638,0.0,1,1
61,2025-10-22 20:54:42.167676,-0.17711946368217468,-0.1552180051803589,0.970976710319519,380.82806396484375,185.50689697265625,0.0,57,157,153,149,-4.3837996,3.0391598,1.5487659,471,451,298,168,0,-182.63524940047483,44.48380787930504,489.5910190837626,378.868168942201,180.7663827606193,0.0,382.9919564503385,184.44646780440763,0.0,1,1
62,2025-10-22 20:54:42.220871,-0.17711946368217468,-0.1552180051803589,0.9708258509635925,380.6558532714844,183.14991760253906,0.0,59,155,154,147,-4.0157843,3.76062,1.2455976,470,453,298,168,0,-182.64208131185276,44.86672749694231,489.5536918292494,378.8820686312325,181.15549619979168,0.0,383.00585613937,184.83558124358004,0.0,1,1
63,2025-10-22 20:54:42.274717,-0.17711946368217468,-0.1552180051803589,0.9708258509635925,380.6624755859375,182.25204467773438,0.0,57,157,153,149,-4.389779,4.7347584,1.3234308,471,451,298,168,0,-182.5954678952821,44.666881646405436,489.58846087281785,378.84179855043465,180.96120930875242,0.0,382.96558605857217,184.64129435254077,0.0,1,1
64,2025-10-22 20:54:42.328014,-0.17667466402053833,-0.1552180051803589,0.9708258509635925,380.615966796875,182.2987518310547,0.0,57,156,153,148,-4.4722095,5.380028,1.4452474,471,451,298,168,0,-182.65298313237759,44.89415385913828,489.547485592497,378.66754402635434,181.18193029371687,0.0,382.79133153449186,184.86201533750523,0.0,1,1
65,2025-10-22 20:54:42.384970,-0.17429327964782715,-0.1435023844242096,0.9735265374183655,379.6087341308594,177.9629364013672,0.0,58,157,154,148,-4.1657577,3.18989,1.1581128,470,451,298,168,0,-182.6120833264218,44.43283027138623,489.6028577539766,377.19190856802317,174.6203215351928,0.0,381.31569607616063,178.30040657898115,0.0,1,1
66,2025-10-22 20:54:42.436279,-0.17429327964782715,-0.1637687385082245,0.9704329371452332,379.42156982421875,183.5244140625,0.0,57,156,153,148,-4.682011,4.371189,1.7927282,471,451,298,168,0,-182.66114365036015,44.513129159207004,489.58091807935386,377.5164600101691,185.15176634665886,0.0,381.64024751830664,188.8318513904472,0.0,1,1
67,2025-10-22 20:54:42.490595,-0.17667466402053833,-0.15960444509983063,0.9704329371452332,380.2813415527344,184.8565216064453,0.0,58,157,153,150,-4.8275795,4.7328205,1.7199104,471,450,298,168,0,-182.7135179977566,44.60189476119716,489.55262443482184,378.76508556969486,183.1350032683474,0.0,382.88887307783233,186.8150883121357,0.0,1,1
68,2025-10-22 20:54:42.554707,-0.18352024257183075,-0.15960444509983063,0.9694440364837646,383.1752014160156,185.397705078125,0.0,58,157,153,149,-5.0595193,3.706686,1.8681743,471,451,298,168,0,-182.71140319371756,44.66527994084597,489.54761476909465,382.30983778943494,183.27969499370064,0.0,386.4336252975724,186.959780037489,0.0,1,1
69,2025-10-22 20:54:42.616550,-0.18352024257183075,-0.1427370011806488,0.9694440364837646,384.35211181640625,179.55007934570312,0.0,58,156,153,148,-4.3122425,4.106267,1.1215851,471,452,298,168,0,-182.61402030288238,44.663357345005,489.58100014035125,382.218774903882,174.76500497701574,0.0,386.34256241201945,178.44509002080406,0.0,1,1
70,2025-10-22 20:54:42.679854,-0.18629200756549835,-0.1427370011806488,0.9694440364837646,385.6312255859375,176.88861083984375,0.0,57,156,153,148,-4.421764,4.662752,1.3084342,471,452,298,168,0,-182.56543432634712,44.666398599605074,489.5991199754884,383.5734458529888,174.77071412252235,0.0,387.6972333611263,178.4507991663107,0.0,1,1
71,2025-10-22 20:54:42.745361,-0.18629200756549835,-0.14110635221004486,0.970665693283081,385.9263916015625,175.5569305419922,0.0,57,155,153,148,-4.325882,5.20872,1.6212957,471,452,298,168,0,-182.55201378457875,44.951736279123566,489.5778641718852,383.43753496729954,174.1397438465292,0.0,387.561322475437,177.81982889031758,0.0,1,1
72,2025-10-22 20:54:42.811217,-0.1823837161064148,-0.14110635221004486,0.9728986024856567,384.2463684082031,174.84104919433594,0.0,58,155,153,148,-4.0898247,3.646244,1.0637128,471,452,298,168,0,-182.35516940765064,44.46711405165823,489.6978495781159,381.080819724004,173.50918034241744,0.0,385.2046072321415,177.18926538620582,0.0,1,1
73,2025-10-22 20:54:42.874356,-0.1823837161064148,-0.14110635221004486,0.9728986024856567,383.55267333984375,174.89161682128906,0.0,59,157,154,149,-4.270697,4.648017,1.3182218,470,451,298,168,0,-182.59021093235012,44.64709987120593,489.5921321527744,381.2960430098431,173.67383321748682,0.0,385.4198305179806,177.35391826127517,0.0,1,1
74,2025-10-22 20:54:42.937514,-0.192582368850708,-0.1378118395805359,0.9716999530792236,387.08392333984375,174.03558349609375,0.0,57,157,153,149,-4.9103403,3.7648602,1.6694648,471,451,298,168,0,-182.81558380170048,44.710950435907364,489.5010668920888,386.75518771934696,172.1524182590867,0.0,390.87897522748443,175.83250330287504,0.0,1,1
75,2025-10-22 20:54:43.001538,-0.1823837161064148,-0.14316299557685852,0.9728986024856567,384.7961120605469,175.60690307617188,0.0,58,155,153,147,-3.7780104,2.8488884,1.2910383,471,452,298,168,0,-182.4638086983914,44.734185297849095,489.63068756721646,381.1768685381034,174.80155753196138,0.0,385.30065604624093,178.4816425757497,0.0,1,1
76,2025-10-22 20:54:43.063838,-0.192582368850708,-0.1571131944656372,0.9716999530792236,387.5804443359375,181.41339111328125,0.0,58,157,153,150,-5.3048043,2.6051807,1.8503454,471,450,298,168,0,-182.91995228974005,44.850795169217484,489.45067194324935,386.84956837256686,182.0073155324407,0.0,390.9733558807044,185.68740057622904,0.0,1,1
77,2025-10-22 20:54:43.123428,-0.192582368850708,-0.14885954558849335,0.9716999530792236,388.6495666503906,180.7787322998047,0.0,58,157,154,149,-4.3547435,3.40314,1.6258786,471,450,298,168,0,-182.6358068802585,44.486285207448894,489.5905947888683,386.59315443819787,177.50683219231612,0.0,390.71694194633534,181.18691723610448,0.0,1,1
78,2025-10-22 20:54:43.182845,-0.18578875064849854,-0.14885954558849335,0.9729321002960205,386.4251708984375,180.12759399414062,0.0,57,156,153,148,-3.8928313,3.716135,1.2953851,471,451,298,168,0,-182.50561665961814,44.53748262378779,489.63185852311113,382.9293326164644,177.46935742784257,0.0,387.0531201246019,181.14944247163092,0.0,1,1
79,2025-10-22 20:54:43.241846,-0.15834756195545197,-0.1571131944656372,0.9729321002960205,375.6156005859375,182.5582275390625,0.0,59,157,154,149,-4.169956,4.592552,1.6133754,470,451,298,168,0,-182.3725937586747,44.50475546341393,489.6882962369624,368.9956103230518,181.59942492455977,0.0,373.11939783118925,185.2795099683481,0.0,1,1
80,2025-10-22 20:54:43.303119,-0.17259016633033752,-0.16637639701366425,0.9697600603103638,376.1632080078125,186.9866943359375,0.0,58,157,154,149,-4.224839,3.954073,1.4208801,471,451,298,168,0,-182.4009278498326,44.488095718397716,489.67979116678055,376.4750397796263,186.5174930976798,0.0,380.59882728776375,190.1975781414681,0.0,1,1
81,2025-10-22 20:54:43.365607,-0.17259016633033752,-0.18213246762752533,0.9697600603103638,376.9781799316406,194.42056274414062,0.0,58,157,154,150,-3.9867468,4.701641,1.7024558,471,451,298,168,0,-182.30007047383876,44.67946124730407,489.6980277883084,376.37742801218207,194.66830258039704,0.0,380.50121552031953,198.34838762418536,0.0,1,1
82,2025-10-22 20:54:43.425330,-0.17259016633033752,-0.19178396463394165,0.9680084586143494,377.7491149902344,200.79469299316406,0.0,58,157,154,152,-4.703251,2.151775,1.909025,472,451,298,168,0,-182.25704691841395,44.63315984231285,489.71738553875065,376.4955575064506,199.67477552457262,0.0,380.61934501458813,203.35486056836095,0.0,1,1
83,2025-10-22 20:54:43.489633,-0.17259016633033752,-0.19178396463394165,0.9667335152626038,378.32806396484375,203.24996948242188,0.0,58,157,153,149,-4.0049357,4.1470203,1.6165044,472,451,298,168,0,-182.29369227396387,44.94621638065907,489.67758848727823,376.6402486123196,200.10789360986917,0.0,380.76403612045715,203.78797865365752,0.0,1,1
84,2025-10-22 20:54:43.551603,-0.18581673502922058,-0.18213246762752533,0.9647928476333618,383.3962097167969,200.26426696777344,0.0,58,156,153,148,-4.363414,5.182287,1.6180665,472,452,298,168,0,-182.26619735765112,44.851057684309964,489.6944185989166,383.50494631432235,195.31272872302068,0.0,387.6287338224598,198.992813766809,0.0,1,1
85,2025-10-22 20:54:43.608634,-0.18864332139492035,-0.19747743010520935,0.964669406414032,386.4679260253906,203.841796875,0.0,58,156,154,149,-4.489668,2.722023,2.148399,472,452,298,168,0,-182.06291949439378,44.82353820209442,489.77517745057645,384.76438759999985,203.10312268559483,0.0,388.8881751081374,206.78320772938315,0.0,1,1
86,2025-10-22 20:54:43.663279,-0.1922772079706192,-0.20155757665634155,0.964669406414032,388.9615478515625,206.60154724121094,0.0,58,157,154,150,-4.6061,4.2476206,1.9295022,472,451,298,168,0,-182.32113328983678,44.695403200257076,489.6888652956401,386.85036909550644,205.02849701985636,0.0,390.97415660364396,208.7085820636447,0.0,1,1
87,2025-10-22 20:54:43.719242,-0.1922772079706192,-0.22832831740379333,0.9587913751602173,389.98162841796875,217.61485290527344,0.0,58,157,154,151,-3.4444652,2.707838,2.2206504,472,451,298,168,0,-182.1082308520399,44.878639205087914,489.753949557409,387.24889905775836,219.5272634934612,0.0,391.37268656589583,223.20734853724952,0.0,1,1
88,2025-10-22 20:54:43.787252,-0.1922772079706192,-0.22832831740379333,0.957809567451477,390.1251220703125,221.92529296875,0.0,59,158,155,152,-4.8114276,2.070798,2.0234897,471,450,298,168,0,-182.0482859752449,44.5045757739067,489.8094882172745,387.3007800732537,219.2859928051033,0.0,391.4245675813912,222.96607784889164,0.0,1,1
89,2025-10-22 20:54:43.856446,-0.17659059166908264,-0.22832831740379333,0.957809567451477,384.5517272949219,223.09278869628906,0.0,59,155,154,147,-3.7056575,4.6539993,1.4837668,471,453,298,168,0,-182.35719486578222,44.67865985966389,489.67793240993836,379.5635331492514,219.42871583835637,0.0,383.68732065738885,223.10880088214475,0.0,1,1
90,2025-10-22 20:54:43.928295,-0.14247781038284302,-0.22675219178199768,0.9587913751602173,369.9095153808594,222.7566680908203,0.0,58,156,154,148,-3.6490192,3.812748,1.6186011,471,452,298,168,0,-182.56368862604293,45.43703129761122,489.52919848367065,362.23325401653256,219.22741200123065,0.0,366.3570415246701,222.907497045019,0.0,1,1
91,2025-10-22 20:54:43.991243,-0.14247781038284302,-0.21603551506996155,0.9647966623306274,363.3511962890625,217.5896453857422,0.0,58,156,154,148,-3.6779957,4.595747,1.6001709,471,452,298,168,0,-182.4051932604751,45.030688327910475,489.62782963473677,361.63653115803976,212.6849923087409,0.0,365.7603186661772,216.36507735252928,0.0,1,1
92,2025-10-22 20:54:44.054717,-0.15831196308135986,-0.21001122891902924,0.9659340977668762,366.92181396484375,212.77349853515625,0.0,58,157,154,149,-4.219283,5.259104,1.7879617,471,451,298,168,0,-182.29465091343488,44.867272425906826,489.6829372587697,369.47613988405527,209.3507705883683,0.0,373.59992739219274,213.03085563215666,0.0,1,1
93,2025-10-22 20:54:44.122040,-0.15831196308135986,-0.21001122891902924,0.9659340977668762,369.3094177246094,210.83175659179688,0.0,58,155,153,147,-4.2083206,3.006096,1.6465976,472,453,298,168,0,-182.1560590821519,44.854842903048784,489.7341186748618,369.34593644124885,209.3494688144076,0.0,373.4697239493863,213.02955385819595,0.0,1,1
94,2025-10-22 20:54:44.192859,-0.16362333297729492,-0.21001122891902924,0.9647966623306274,372.8380126953125,210.6800079345703,0.0,58,157,154,150,-4.403425,4.5197964,1.8808801,472,451,298,168,0,-182.5102713864076,45.239837151621465,489.56704323000747,372.462511069936,209.82362472583196,0.0,376.58629857807347,213.5037097696203,0.0,1,1
95,2025-10-22 20:54:44.257558,-0.1764625608921051,-0.2117619514465332,0.9598146080970764,379.06414794921875,211.48326110839844,0.0,58,158,154,152,-4.561084,2.6920853,2.155319,472,450,298,168,0,-182.1663925021562,44.54392571586035,489.76292291013556,379.1344406558679,210.6170569397848,0.0,383.2582281640054,214.2971419835731,0.0,1,1
96,2025-10-22 20:54:44.321649,-0.1764625608921051,-0.21778197586536407,0.9598146080970764,381.4077453613281,214.14419555664062,0.0,58,156,154,148,-3.6332479,3.4545956,1.7494133,472,452,298,168,0,-181.87033600868762,44.49529813515879,489.8775607515745,378.8594604066081,213.66626803114661,0.0,382.98324791474556,217.34635307493497,0.0,1,1
97,2025-10-22 20:54:44.382592,-0.18291479349136353,-0.21778197586536407,0.9598146080970764,384.7012023925781,215.6905517578125,0.0,58,158,154,151,-4.202664,4.6989517,1.5609801,472,450,298,168,0,-182.55474370419273,45.034664675245644,489.56933462848747,382.7782686032977,214.13569805064614,0.0,386.9020561114352,217.8157830944345,0.0,1,1
98,2025-10-22 20:54:44.449704,-0.1838531196117401,-0.21232911944389343,0.9598146080970764,385.9718322753906,214.0767059326172,0.0,58,156,154,149,-4.3059254,4.8864183,1.864136,472,451,298,168,0,-182.38493343135966,44.67771883069139,489.66824251729287,383.10601297726794,211.01931278643252,0.0,387.22980048540546,214.6993978302209,0.0,1,1
99,2025-10-22 20:54:44.514450,-0.1841541826725006,-0.2117619514465332,0.9619057178497314,386.0693664550781,212.72608947753906,0.0,58,156,154,149,-3.9614244,5.056509,1.4986608,472,451,298,168,0,-182.36526183358228,44.48872138334205,489.69233466708675,383.04030712428244,210.31140851243478,0.0,387.16409463242,213.99149355622313,0.0,1,1
100,2025-10-22 20:54:44.581953,-0.1918056607246399,-0.194366455078125,0.9644384980201721,388.3509521484375,206.04443359375,0.0,57,157,153,150,-4.392756,4.0360584,1.5760725,473,450,298,168,0,-182.38886867929358,44.854477857770846,489.64932012294327,386.6941827501766,201.55284229669073,0.0,390.81797025831406,205.23292734047908,0.0,1,1
101,2025-10-22 20:54:44.644419,-0.19224737584590912,-0.1794501096010208,0.9628996253013611,389.283935546875,197.84425354003906,0.0,57,157,153,150,-4.2036924,4.6504116,1.372658,473,450,298,168,0,-182.1547850104772,44.54770130396846,489.76324542725115,386.8630938975549,193.8398134294786,0.0,390.9868814056925,197.51989847326695,0.0,1,1
102,2025-10-22 20:54:44.708204,-0.19224737584590912,-0.1936158537864685,0.9628996253013611,389.4073791503906,199.6647491455078,0.0,57,157,153,150,-4.2126846,5.1442575,1.4754932,473,450,298,168,0,-182.07270253418983,44.46580369247616,489.8028960011873,386.788927842242,200.97106414973382,0.0,390.91271535037953,204.6511491935222,0.0,1,1
103,2025-10-22 20:54:44.778558,-0.19224737584590912,-0.1794501096010208,0.9644384980201721,389.21649169921875,195.94036865234375,0.0,58,157,154,150,-4.2244506,3.3762455,1.3500783,472,450,298,168,0,-182.1447544264709,44.31175281730158,489.78924354993114,386.7022208336351,193.4630635433967,0.0,390.8260083417726,197.143148587185,0.0,1,1
104,2025-10-22 20:54:44.841510,-0.17768633365631104,-0.1794501096010208,0.9648688435554504,383.9424133300781,194.45001220703125,0.0,58,157,154,149,-3.4691312,4.1502094,1.4451087,472,450,298,168,0,-182.29093332170626,44.12013289266721,489.75144184307675,379.40637844930035,193.2237662062304,0.0,383.5301659574378,196.90385125001876,0.0,1,1
105,2025-10-22 20:54:44.904043,-0.1775977462530136,-0.1936158537864685,0.9648688435554504,381.4138488769531,199.460205078125,0.0,61,155,156,149,-2.8985455,3.2137613,0.87278056,472,451,298,168,0,-182.06856414319432,44.499853673716196,489.80315329086716,379.1485619950893,200.80416078053406,0.0,383.2723495032268,204.4842458243224,0.0,1,1
106,2025-10-22 20:54:44.974805,-0.14370274543762207,-0.20349587500095367,0.9648688435554504,368.5182800292969,205.4735107421875,0.0,61,156,156,151,-3.0991168,2.6728802,1.5944517,473,450,298,168,0,-181.93733874204176,44.54515657306061,489.8488472191367,361.81778450136323,205.87456538539573,0.0,365.94157200950076,209.55465042918408,0.0,1,1
107,2025-10-22 20:54:45.039196,0.31311067938804626,-0.2211473137140274,0.9222124218940735,196.411376953125,217.82757568359375,-2.842170943040401e-14,61,156,156,151,-2.2245893,3.141161,0.93973565,473,450,298,168,0,-181.67680134372048,44.51604504940027,489.9471338298624,122.25416210647765,220.0235097375146,0.0,126.37794961461512,223.70359478130294,-5.684341886080802e-14,1,1
108,2025-10-22 20:54:45.104167,0.3160417973995209,-0.22690506279468536,0.9216573238372803,120.98029327392578,224.8789825439453,-2.842170943040401e-14,61,157,156,151,-3.3315735,3.954773,1.1357763,473,450,298,168,0,-181.3885516920011,44.34238370989402,490.0683128658925,120.2660077159484,223.01122632455372,-5.684341886080802e-14,124.3897952240859,226.6913113683421,0.0,1,1
109,2025-10-22 20:54:45.170352,0.3188129961490631,-0.2361200451850891,0.9188932776451111,97.10121154785156,230.93267822265625,-2.842170943040401e-14,60,157,156,152,-3.4169059,2.888317,1.2360189,474,450,298,168,0,-181.39046551428427,44.70384879659293,490.03489046272153,118.29608010684194,228.64159971562174,-5.684341886080802e-14,122.41986761497935,232.32168475941006,0.0,1,1
110,2025-10-22 20:54:45.235754,0.3188129961490631,-0.23758471012115479,0.9188932776451111,96.6954574584961,233.45663452148438,0.0,61,157,156,151,-3.0864625,5.0529213,1.147146,473,450,298,168,0,-181.16103694662138,45.08838188396594,490.0882594593652,118.0481349930954,229.82102008411454,0.0,122.17192250123287,233.50110512790286,0.0,1,1
111,2025-10-22 20:54:45.308893,0.322007417678833,-0.2386484146118164,0.9161649346351624,102.06950378417969,233.91751098632812,2.842170943040401e-14,60,158,155,154,-3.4573636,4.1665115,1.593456,474,449,298,168,0,-181.14140989775368,44.46503138810002,490.15057890165565,115.79142494376097,230.1602727379946,5.684341886080802e-14,119.91521245189844,233.84035778178293,0.0,1,1
112,2025-10-22 20:54:45.373379,0.326719731092453,-0.24743932485580444,0.9120597243309021,106.0384521484375,237.71192932128906,-2.842170943040401e-14,60,158,155,152,-2.6247027,3.8364239,1.342015,474,450,298,168,0,-180.95999649374082,45.247179204778554,490.14715795694946,112.3033753379452,236.24050156191333,0.0,116.42716284608267,239.9205866057017,-5.684341886080802e-14,1,1
113,2025-10-22 20:54:45.438944,0.32698753476142883,-0.30457788705825806,0.8942947387695312,107.53915405273438,262.4477844238281,2.842170943040401e-14,60,158,155,154,-2.6110854,3.6248474,1.1444705,474,449,298,168,0,-181.36138600848898,45.045629031210616,490.0200198948214,109.11658299611022,269.95382149682507,0.0,113.24037050424766,273.63390654061345,5.684341886080802e-14,1,1
114,2025-10-22 20:54:45.505971,0.326719731092453,-0.31388482451438904,0.8917379975318909,108.5746841430664,276.8404235839844,2.842170943040401e-14,61,157,156,152,-2.8593462,2.0937614,1.3598812,473,450,298,168,0,-181.02019760554887,45.2437709871016,490.122989504056,108.37112408816293,275.7809733366149,5.684341886080802e-14,112.4949115963004,279.4610583804033,0.0,1,1
115,2025-10-22 20:54:45.570563,0.326719731092453,-0.31418290734291077,0.8913699984550476,109.67096710205078,281.4092712402344,-2.842170943040401e-14,60,157,155,152,-2.2547822,1.5537,1.1203644,473,450,298,168,0,-181.37190882398073,44.99054287093228,490.01539259162223,108.6881370471956,275.724946318784,-5.684341886080802e-14,112.81192455533304,279.4050313625724,0.0,1,1
116,2025-10-22 20:54:45.639686,0.32600557804107666,-0.3141874372959137,0.8913699984550476,110.83563232421875,281.7712707519531,2.842170943040401e-14,61,158,156,153,-3.9363945,3.1956158,1.3964174,473,449,298,168,0,-181.65878970409202,45.22682359934865,489.8865032340251,109.41475074089368,275.9182867751189,0.0,113.53853824903112,279.59837181890725,5.684341886080802e-14,1,1
117,2025-10-22 20:54:45.705159,0.32600557804107666,-0.3328888714313507,0.8887170553207397,110.84859466552734,288.3961486816406,-2.842170943040401e-14,61,157,156,152,-2.2974985,4.062504,0.93174434,472,450,298,168,0,-181.44669300621487,45.479181822739996,489.9425481614614,108.64725149733988,287.0158633311037,-5.684341886080802e-14,112.77103900547729,290.69594837489205,0.0,1,1
118,2025-10-22 20:54:45.766343,0.32600557804107666,-0.33998554944992065,0.8887170553207397,110.76239013671875,292.9854736328125,-2.842170943040401e-14,61,157,156,153,-1.6350815,2.2028399,0.82180715,472,450,298,168,0,-181.39879376402942,45.04660217276437,490.00010277015826,108.57823965990846,290.5176430210631,0.0,112.70202716804593,294.1977280648515,-5.684341886080802e-14,1,1
119,2025-10-22 20:54:45.819124,0.3324551582336426,-0.34295937418937683,0.8772644996643066,106.54930877685547,296.9561767578125,-2.842170943040401e-14,61,157,156,152,-2.485396,3.7793388,1.0214937,472,450,298,168,0,-181.3929484912572,44.905317147564006,490.0156625900867,102.61750662288938,294.4906590847693,-5.684341886080802e-14,106.74129413102679,298.17074412855766,0.0,1,1
120,2025-10-22 20:54:45.878765,0.3324551582336426,-0.34295937418937683,0.8772644996643066,104.79239654541016,298.1941223144531,2.842170943040401e-14,60,158,156,153,-2.486363,2.689581,1.0319726,473,449,298,168,0,-181.49237894724237,45.24903673155296,489.9466656371286,102.74308471498901,294.8074048748608,0.0,106.86687222312642,298.4874899186492,5.684341886080802e-14,1,1
121,2025-10-22 20:54:45.935147,0.33960169553756714,-0.34515032172203064,0.8749525547027588,101.06625366210938,299.3171081542969,-2.842170943040401e-14,60,158,156,153,-2.1951566,2.5740771,0.7740674,473,449,298,168,0,-181.4067916629809,45.246589299773966,489.97958376382496,98.15225945770248,296.5509270326768,0.0,102.27604696583995,300.23101207646516,-5.684341886080802e-14,1,1
122,2025-10-22 20:54:46.005856,0.33960169553756714,-0.34295937418937683,0.8749525547027588,99.94242858886719,298.0820007324219,-2.842170943040401e-14,60,160,155,155,-3.8549306,2.2281094,1.4421852,474,447,298,168,0,-181.75893160832737,44.640344449875535,489.90495102073794,98.53336715216713,294.6884820002043,0.0,102.6571546603046,298.36856704399264,-5.684341886080802e-14,1,1
123,2025-10-22 20:54:46.069493,0.33567723631858826,-0.34073588252067566,0.8781912326812744,101.39043426513672,296.2263488769531,-2.842170943040401e-14,60,159,155,153,-2.61233,3.349907,1.0813911,474,448,298,168,0,-181.21786137497384,45.072791779911235,490.06816701338346,100.82045077831071,293.23567857693433,-5.684341886080802e-14,104.94423828644818,296.9157636207227,0.0,1,1
124,2025-10-22 20:54:46.128697,0.32004836201667786,-0.33932188153266907,0.8848317265510559,109.36505889892578,293.879150390625,2.842170943040401e-14,62,160,156,157,-3.2214966,1.8254976,1.3638027,473,445,298,168,0,-181.3128687907394,45.23979991997022,490.016973490834,110.99591750067592,291.1729003726506,5.684341886080802e-14,115.11970500881338,294.8529854164389,0.0,1,1
125,2025-10-22 20:54:46.185299,0.33567723631858826,-0.34073588252067566,0.8781912326812744,105.87810516357422,293.9575500488281,2.842170943040401e-14,60,159,155,154,-2.8587508,1.846374,0.99684405,474,447,298,168,0,-181.30916248027884,44.517340522653946,490.0811623761661,100.90678457433103,292.6852694861684,5.684341886080802e-14,105.0305720824685,296.3653545299568,0.0,1,1
126,2025-10-22 20:54:46.241200,0.325158029794693,-0.34073588252067566,0.8784688711166382,107.9514389038086,294.2728576660156,-2.842170943040401e-14,62,160,156,156,-3.9559329,1.7786293,1.5041463,473,444,298,168,0,-181.15687430314097,44.734821477444065,490.12009686296216,106.66775581525548,292.857755531947,-5.684341886080802e-14,110.79154332339297,296.53784057573546,0.0,1,1
127,2025-10-22 20:54:46.300059,0.325158029794693,-0.3482029139995575,0.8784688711166382,109.12370300292969,296.83477783203125,-2.842170943040401e-14,61,159,157,155,-2.8639908,1.9734411,1.3320568,472,443,298,168,0,-181.56868067195205,43.958690134878516,490.03942623818375,107.10942175254723,296.2156949168623,0.0,111.23320926068476,299.8957799606506,-5.684341886080802e-14,1,1
128,2025-10-22 20:54:46.356976,0.32664814591407776,-0.3492167592048645,0.8782645463943481,109.02674865722656,298.2557067871094,-2.842170943040401e-14,60,157,155,151,-1.842802,-1.5200009,1.2276242,473,445,298,168,0,-181.7504235576282,43.76339710646731,489.9843223431164,106.43803067683004,296.60936885403146,0.0,110.56181818496756,300.2894538978197,-5.684341886080802e-14,1,1
129,2025-10-22 20:54:46.417476,0.32664814591407776,-0.3500923812389374,0.8782645463943481,109.00064849853516,298.9503479003906,2.842170943040401e-14,60,159,156,154,-3.4390473,0.61251163,1.7467697,473,442,298,168,0,-181.96021752717465,43.59377073471581,489.92126133165,106.67127858466827,296.9031152678455,0.0,110.79506609280568,300.58320031163396,5.684341886080802e-14,1,1
130,2025-10-22 20:54:46.473348,0.325158029794693,-0.3500923812389374,0.8784688711166382,109.3385238647461,298.58966064453125,-2.842170943040401e-14,60,161,156,157,-3.6599312,0.66012526,1.3076236,473,438,298,168,0,-181.75305329805383,42.85017188458707,490.0660310399365,107.28394683002728,296.1717876175437,-5.684341886080802e-14,111.40773433816477,299.8518726613321,0.0,1,1
131,2025-10-22 20:54:46.533733,0.30937522649765015,-0.3511127233505249,0.8820910453796387,115.812744140625,297.70294189453125,-2.842170943040401e-14,61,160,157,156,-3.9022546,-1.4468586,1.7130992,473,438,298,168,0,-181.448938298411,42.1506375505488,490.2392506710082,116.43244594673698,295.3060912044812,0.0,120.5562334548745,298.98617624826954,-5.684341886080802e-14,1,1
132,2025-10-22 20:54:46.597992,0.3026127219200134,-0.3511127233505249,0.8880325555801392,121.75641632080078,296.0215148925781,2.842170943040401e-14,61,159,156,154,-2.3303323,-1.7090878,1.329839,474,439,298,168,0,-181.16569046365296,41.61032533860871,490.3888472415159,120.98186590083554,293.5193297405988,0.0,125.10565340897298,297.19941478438716,5.684341886080802e-14,1,1
133,2025-10-22 20:54:46.662447,0.29712215065956116,-0.3453235924243927,0.8904940485954285,126.3851547241211,292.826416015625,2.842170943040401e-14,59,161,155,157,-4.7310853,-0.20116758,1.6156929,476,437,298,168,0,-181.17225559296435,41.77131236743329,490.3747559936446,124.47867160358513,289.95086646717033,0.0,128.6024591117226,293.6309515109587,5.684341886080802e-14,1,1
134,2025-10-22 20:54:46.727212,0.2968468964099884,-0.3453235924243927,0.8919946551322937,128.12144470214844,291.4512634277344,2.842170943040401e-14,59,161,154,158,-7.011549,-0.091817856,2.0339305,477,437,298,168,0,-181.14988925608952,41.962287325819325,490.3667891719563,124.88553372055978,289.8188471052415,5.684341886080802e-14,129.0093212286973,293.4989321490298,0.0,1,1
135,2025-10-22 20:54:46.795629,0.27597182989120483,-0.346956729888916,0.8963596224784851,136.71981811523438,291.31036376953125,0.0,59,159,154,156,-4.313038,-1.9177961,2.0252445,477,438,298,168,0,-181.03976676176336,42.29709036419068,490.37662076741896,136.98707402773533,290.1264369825228,0.0,141.11086153587277,293.8065220263112,0.0,1,1
136,2025-10-22 20:54:46.858115,0.268953800201416,-0.346956729888916,0.8973727226257324,142.82347106933594,290.9825744628906,2.842170943040401e-14,58,160,153,158,-6.7164416,-2.2756736,2.1537492,478,436,298,168,0,-181.05096391681494,41.80272605280223,490.41494618735277,140.99229189655335,289.43260046792614,0.0,145.1160794046908,293.1126855117145,5.684341886080802e-14,1,1
137,2025-10-22 20:54:46.924649,0.268953800201416,-0.35337457060813904,0.8973727226257324,144.62928771972656,293.1607666015625,-2.842170943040401e-14,58,163,153,161,-6.9783845,-0.8755827,1.7463157,479,432,298,168,0,-180.9076242188126,41.406852276629,490.5022254734864,140.82279350763844,292.5784515637967,-5.684341886080802e-14,144.94658101577588,296.2585366075851,0.0,1,1
138,2025-10-22 20:54:46.990828,0.27597182989120483,-0.35667484998703003,0.8963596224784851,141.7943878173828,295.4764404296875,2.842170943040401e-14,57,161,152,160,-6.4938126,-2.4004078,2.2670834,481,431,298,168,0,-180.8255477961451,41.193889620920956,490.5499192828271,136.71949979352254,294.4087422290961,5.684341886080802e-14,140.84328730166007,298.0888272728845,0.0,1,1
139,2025-10-22 20:54:47.054471,0.27623802423477173,-0.3567105531692505,0.8924548029899597,139.22396850585938,295.9543151855469,2.842170943040401e-14,56,158,151,157,-5.951346,-8.225325,2.1576111,483,430,298,168,0,-180.55560829463764,39.568988654473465,490.78087507364194,135.57094032963298,293.74983761955684,0.0,139.69472783777047,297.4299226633452,5.684341886080802e-14,1,1
140,2025-10-22 20:54:47.125065,0.29755955934524536,-0.3582024574279785,0.8849572539329529,128.25682067871094,297.417724609375,-2.842170943040401e-14,57,158,151,158,-6.1163063,-8.360969,1.880305,483,426,298,168,0,-179.83128697505038,39.0045938494491,491.0934428663639,121.62998298377556,295.80127903063857,-5.684341886080802e-14,125.75377049191303,299.4813640744269,0.0,1,1
141,2025-10-22 20:54:47.194894,0.29755955934524536,-0.3615850508213043,0.8849572539329529,123.46795654296875,298.4171447753906,-2.842170943040401e-14,56,158,149,159,-6.318152,-7.9186816,1.6634576,484,425,298,168,0,-179.75881757798564,37.77733919671777,491.2161795347015,121.51624439683332,296.5012916806205,0.0,125.64003190497078,300.18137672440884,-5.684341886080802e-14,1,1
142,2025-10-22 20:54:47.261882,0.29755955934524536,-0.3620426058769226,0.8831514120101929,122.11907958984375,298.92388916015625,0.0,54,156,146,160,-8.591842,-7.3495083,1.9350865,485,427,298,168,0,-180.15974491819205,37.48709413721768,491.0941826969287,121.6205466646656,296.8259288441526,0.0,125.74433417280304,300.506013887941,0.0,0,1
143,2025-10-22 20:54:47.329050,0.15940150618553162,-0.3620426058769226,0.8801972270011902,175.54856872558594,299.8661193847656,-2.842170943040401e-14,52,157,145,159,-8.214266,-1.0874844,1.0126526,486,430,298,168,0,-180.2691837816547,38.09024407496878,491.0096817694067,198.27336970186394,298.07001110407396,0.0,202.3971572100014,301.75009614786234,-5.684341886080802e-14,1,1
144,2025-10-22 20:54:47.394064,-0.37177520990371704,-0.3582024574279785,0.8849572539329529,404.47601318359375,298.9950866699219,-2.842170943040401e-14,50,154,144,159,-4.8918843,-0.8558364,1.5186574,488,435,298,168,0,-179.80536931414173,39.60517966609114,491.06110932903886,493.02753689984894,296.38877726313376,-5.684341886080802e-14,497.15132440798646,300.06886230692214,0.0,1,1
145,2025-10-22 20:54:47.460237,-0.3825781047344208,-0.3208598494529724,0.9047576785087585,502.20703125,281.97088623046875,-2.842170943040401e-14,46,150,141,156,-5.272686,2.4064708,1.9147775,492,440,298,168,0,-179.66240408516575,40.49075301464434,491.0392647130716,494.2238793324276,272.6487954484011,0.0,498.347666840565,276.3288804921894,-5.684341886080802e-14,1,1
146,2025-10-22 20:54:47.524433,-0.38393697142601013,-0.13090291619300842,0.9072227478027344,529.825439453125,204.2189483642578,0.0,42,147,137,152,-5.7865167,0.04728985,2.5963886,498,446,298,168,0,-179.07514159058587,42.77097228748695,491.06268666277464,493.8178409916195,171.64400010177903,0.0,497.94162849975703,175.32408514556738,0.0,1,1
147,2025-10-22 20:54:47.593528,-0.38393697142601013,0.03802145645022392,0.9136829972267151,526.4318237304688,108.51091003417969,2.842170943040401e-14,45,144,141,149,-5.697719,0.09514713,2.9599206,499,448,298,168,0,-178.25411716984064,43.85341576239312,491.2634473730728,491.61178918855467,81.42800348768662,5.684341886080802e-14,495.7355766966921,85.10808853147496,0.0,1,1
148,2025-10-22 20:54:47.661546,-0.3825781047344208,0.14653229713439941,0.9140332341194153,514.3673095703125,31.086881637573242,2.842170943040401e-14,45,138,140,143,-6.05057,-1.4671116,3.3974164,504,451,298,168,0,-177.26546435192287,43.72491176026021,491.6320600194439,489.96797549557397,22.9271543723508,5.684341886080802e-14,494.09176300371143,26.607239416139123,0.0,1,1
149,2025-10-22 20:54:47.740665,-0.3740038275718689,0.14653229713439941,0.9168570637702942,499.3538513183594,5.100674629211426,2.842170943040401e-14,44,140,139,147,-6.003278,4.9565067,1.8339794,509,441,298,168,0,-175.60622990840292,42.78803921964165,492.3090073073065,483.35345408973694,22.124835923961612,5.684341886080802e-14,487.47724159787435,25.804920967749936,0.0,1,1
150,2025-10-22 20:54:47.810747,-0.37135082483291626,0.14702185988426208,0.9168570637702942,488.9223937988281,1.0330973863601685,2.842170943040401e-14,47,141,141,148,-4.9681087,-2.6037698,2.995466,513,432,298,168,0,-174.3870723727987,40.46847213650964,492.93916560641344,480.96498959996035,19.441348214877678,5.684341886080802e-14,485.0887771080978,23.121433258666016,0.0,1,1
151,2025-10-22 20:54:47.879556,-0.3633187711238861,0.15907391905784607,0.9168570637702942,480.025146484375,-1.1828290224075317,-2.842170943040401e-14,49,142,142,148,-5.8331056,-2.375833,2.0163686,515,428,298,168,0,-172.68714060033764,36.91224770486554,493.81431431757073,475.2934944911457,9.253615374381837,0.0,479.41728199928315,12.933700418170176,-5.684341886080802e-14,1,1
152,2025-10-22 20:54:47.951728,-0.35784974694252014,0.16370491683483124,0.9179003238677979,473.839111328125,-0.9309999346733093,2.842170943040401e-14,48,144,141,150,-5.0666676,-2.8945904,2.2563198,518,426,298,168,0,-171.85030868254617,35.38308349492332,494.2144767047924,471.4480230767866,5.259064942313202,5.684341886080802e-14,475.57181058492415,8.93914998610154,0.0,1,1
153,2025-10-22 20:54:48.030793,-0.35784974694252014,0.16370491683483124,0.9181630611419678,471.5387878417969,1.4734821319580078,2.842170943040401e-14,47,145,140,150,-5.527253,-2.8557167,2.3920348,520,427,298,168,0,-171.37406356648657,35.251403626276655,494.3921730162738,470.9858998806453,5.12092474291174,0.0,475.10968738878285,8.80100978670005,5.684341886080802e-14,1,1
154,2025-10-22 20:54:48.107044,-0.36315613985061646,0.17147158086299896,0.9179003238677979,472.9820556640625,1.3260892629623413,-2.842170943040401e-14,46,144,139,150,-5.67338,-2.0710287,2.5192845,521,428,298,168,0,-170.8260165203025,35.8466186870527,494.53669718738354,473.4082734293117,1.4806913424810233,-5.684341886080802e-14,477.5320609374492,5.160776386269333,0.0,1,1
155,2025-10-22 20:54:48.174367,-0.3633187711238861,0.17695024609565735,0.9147065281867981,474.34576416015625,-0.30568984150886536,2.842170943040401e-14,48,146,142,153,-4.9860315,-1.4415314,2.2809403,519,426,298,168,0,-170.22794755118804,36.02445537984904,494.730882984157,473.65842011951213,-1.663648714077226,0.0,477.78220762764965,2.016436329711098,5.684341886080802e-14,1,1
156,2025-10-22 20:54:48.242778,-0.4027194678783417,0.21010181307792664,0.8861947059631348,494.87811279296875,-15.691118240356445,-2.842170943040401e-14,47,145,141,154,-4.8160934,1.9903603,2.8866384,520,428,298,168,0,-170.2063745519098,36.01722424848293,494.7384447651229,501.95852546797335,-23.259183585335535,0.0,506.08231297611087,-19.579098541547182,-5.684341886080802e-14,1,1
157,2025-10-22 20:54:48.309281,-0.4299107491970062,0.22692745923995972,0.8741497993469238,516.7716064453125,-29.317773818969727,2.842170943040401e-14,46,144,140,153,-5.298615,0.36711597,3.1404197,521,430,298,168,0,-170.2816011487082,36.75991118359488,494.65881983302125,520.4818086887574,-33.63475335909871,0.0,524.605596196895,-29.954668315310386,5.684341886080802e-14,1,1
158,2025-10-22 20:54:48.377780,-0.4301384687423706,0.2290765643119812,0.8716148138046265,525.64306640625,-34.84674072265625,2.842170943040401e-14,46,144,140,154,-4.3143554,0.796165,2.8951185,521,430,298,168,0,-170.12872143871968,37.43288279017474,494.6647632220241,521.1686342901573,-34.55647566098753,5.684341886080802e-14,525.2924217982948,-30.876390617199192,0.0,1,1
159,2025-10-22 20:54:48.451331,-0.4299107491970062,0.24294990301132202,0.8716148138046265,527.51708984375,-41.297122955322266,2.842170943040401e-14,46,144,140,153,-4.7131,-0.43527603,3.0019338,521,431,298,168,0,-170.12950690429525,37.527596620545005,494.65527350133715,521.0355021512243,-42.33260818090156,0.0,525.1592896593618,-38.65252313711325,5.684341886080802e-14,1,1
160,2025-10-22 20:54:48.528342,-0.4301384687423706,0.2475096732378006,0.8695700764656067,527.3237915039062,-44.77674102783203,0.0,46,144,140,153,-5.1293335,1.0963535,3.1367724,520,431,298,168,0,-170.28880702118147,37.88955606028925,494.5715812739759,521.8566475772221,-44.86486507041502,0.0,525.9804350853598,-41.184780026626726,0.0,1,1
161,2025-10-22 20:54:48.594707,-0.4299107491970062,0.24817615747451782,0.8670006990432739,526.8289184570312,-45.97340774536133,0.0,47,145,140,153,-5.54432,0.11858606,2.8838308,519,431,298,168,0,-170.58782049049236,37.70125911159306,494.48257344851004,522.7066309069053,-45.82505451126991,0.0,526.8304184150429,-42.14496946748159,0.0,1,1
162,2025-10-22 20:54:48.661601,-0.4290151298046112,0.2485235333442688,0.8670006990432739,525.890380859375,-45.51126480102539,-2.842170943040401e-14,47,144,142,153,-4.9378376,2.1087856,2.982168,518,432,298,168,0,-170.93775345585388,38.17804817114636,494.32530077412025,522.4679362744309,-45.50130495149662,-5.684341886080802e-14,526.5917237825684,-41.821219907708326,0.0,1,1
163,2025-10-22 20:54:48.725921,-0.42773449420928955,0.24817615747451782,0.8721376657485962,523.766845703125,-43.919124603271484,2.842170943040401e-14,47,146,142,155,-5.180729,5.0390377,3.1536338,518,432,298,168,0,-171.08589548063506,38.41088714034759,494.25967017182126,520.4172823951062,-44.218290227157325,5.684341886080802e-14,524.5410699032436,-40.53820518336899,0.0,1,1
2025-10-30 21:13:27.234,147.5232278663015,98.62484023797472,0.0
2025-10-30 21:13:27.516,196.9961419459297,83.44196393985308,0.0
2025-10-30 21:13:27.798,192.29201354417057,83.54021240920437,0.0
2025-10-30 21:13:28.062,246.96544681057276,93.59838098380439,0.0
2025-10-30 21:13:28.305,278.0304916296792,99.03892988973348,0.0
2025-10-30 21:13:28.595,289.0705729493301,103.84042792237312,0.0
2025-10-30 21:13:28.875,294.06899379522963,97.27047085918328,0.0
2025-10-30 21:13:29.154,313.91016779991816,115.01620106037558,0.0
2025-10-30 21:13:29.396,321.4905702928875,127.5274932921877,0.0
2025-10-30 21:13:29.673,336.9472024321704,132.5863286649508,0.0
2025-10-30 21:13:29.964,316.914152049708,126.29044347877681,0.0
2025-10-30 21:13:30.244,206.2883800592055,124.09297014643587,0.0
2025-10-30 21:13:30.533,93.24918782317445,129.44935058462252,0.0
2025-10-30 21:13:30.811,85.61307698792687,128.97643613102173,0.0
2025-10-30 21:13:31.107,97.29620372990006,121.5841237924255,0.0
2025-10-30 21:13:31.407,94.64301474801478,111.61749020640815,0.0
2025-10-30 21:13:31.697,72.76543940073026,114.86828153398739,0.0
2025-10-30 21:13:31.983,38.08025369165151,43.702527650794906,0.0
2025-10-30 21:13:32.293,-8.982070671445612,47.31623605987631,0.0
2025-10-30 21:13:32.563,2.4898492748860264,39.553893581545516,0.0
2025-10-30 21:13:32.821,6.371742512391123,23.07102251579952,0.0
2025-10-30 21:13:33.103,-15.268796897385485,32.12043221740421,0.0
2025-10-30 21:13:33.378,-11.122699873051133,40.67101384477063,0.0
2025-10-30 21:13:33.716,-2.221747724162995,22.438621871795487,0.0
2025-10-30 21:13:34.056,113.45211663185843,28.807254783248325,0.0
2025-10-30 21:13:34.374,287.84953215586285,23.54444554073789,0.0
2025-10-30 21:13:34.644,300.3278834455535,26.913293032847097,0.0
2025-10-30 21:13:34.946,324.24021936030977,23.337057637681102,0.0
2025-10-30 21:13:35.233,321.13336934202425,17.01483271127627,0.0
2025-10-30 21:13:35.516,314.79363999611064,24.324410551183618,0.0
2025-10-30 21:13:35.820,319.45635766848795,34.92575981714889,0.0
2025-10-30 21:13:36.145,200.42029224249472,82.92048810318519,0.0
2025-10-30 21:13:36.448,216.15277555579922,90.90901722169536,0.0
2025-10-30 21:13:36.736,222.65629314037267,83.15510611810795,0.0
2025-10-30 21:13:37.017,222.5921069303522,91.36460916730036,0.0
2025-10-30 21:13:37.303,143.82139857744272,104.57780750250782,0.0
2025-10-30 21:13:37.642,144.721647136439,105.99288320566856,0.0
2025-10-30 21:13:37.957,124.62223994546152,112.09106215151621,0.0
2025-10-30 21:13:38.277,143.26862121283085,102.58618490186072,0.0
2025-10-30 21:13:38.578,116.57070136252761,110.06405608285695,0.0
2025-10-30 21:13:38.917,145.30126510777365,106.45215485783379,0.0
2025-10-30 21:13:39.251,119.9276464860936,112.16602047298898,0.0
2025-10-30 21:13:39.546,146.82601049547992,105.80372839884961,0.0
2025-10-30 21:13:39.869,5.534182821063112,41.121512536510274,0.0
2025-10-30 21:13:40.236,-3.221063907752111,33.2227010709738,0.0
2025-10-30 21:13:40.558,-4.642744565434938,40.398971537567725,0.0
2025-10-30 21:13:40.890,5.237010231873015,36.36969911190842,0.0
2025-10-30 21:13:41.226,-24.59063604008945,34.71008391167548,0.0
2025-10-30 21:13:41.556,-27.734888528455215,56.940861132974625,0.0
2025-10-30 21:13:41.894,47.91739447400256,133.72249420532881,0.0
2025-10-30 21:13:42.227,48.88951588001464,128.71956925139403,0.0
2025-10-30 21:13:42.571,44.2034147487833,135.0116295267724,0.0
2025-10-30 21:13:42.894,49.35325401854246,133.59728519015013,0.0
2025-10-30 21:13:43.215,29.05710941731911,140.01158605433147,0.0
2025-10-30 21:13:43.542,48.81200376288916,123.03521882721466,0.0
2025-10-30 21:13:43.918,5.131735271129017,140.70671809535295,0.0
2025-10-30 21:13:44.325,0.7325542411210364,150.43119839668944,0.0
2025-10-30 21:13:44.673,40.47038558692465,160.14308154328617,0.0
2025-10-30 21:13:45.028,-17.42484803210651,176.24198703769852,0.0
2025-10-30 21:13:45.417,34.7144923135358,170.0360921416302,0.0
2025-10-30 21:13:45.803,-6.24650067578871,158.5486305015387,0.0
2025-10-30 21:13:46.190,14.922435866819498,144.3651809942683,0.0
2025-10-30 21:13:46.583,247.3000549370418,108.55022292800908,0.0
2025-10-30 21:13:46.946,334.41037145371155,115.24151602751218,0.0
2025-10-30 21:13:47.299,332.27120946142,102.19688165732072,0.0
2025-10-30 21:13:47.661,287.53745312884377,116.47479646740508,0.0
2025-10-30 21:13:48.034,322.22177150376393,111.13132487979502,0.0
2025-10-30 21:13:48.432,340.13089771942873,100.09569970121296,0.0
2025-10-30 21:13:48.822,286.4363393685783,118.65137192394315,0.0
2025-10-30 21:13:49.237,236.89829474452665,145.520460743809,0.0
2025-10-30 21:13:49.627,259.28579673366363,128.73151774956918,0.0
2025-10-30 21:13:49.991,230.763133187898,70.75899691221602,0.0
2025-10-30 21:13:50.402,133.67221709805312,64.55543123933202,0.0
2025-10-30 21:13:50.776,74.29161089863905,42.665087362235724,0.0
2025-10-30 21:13:51.157,129.47087581071224,34.39521685410936,0.0
2025-10-30 21:13:51.549,199.88301747687905,49.54573477330143,0.0
2025-10-30 21:13:51.920,256.8058484032863,44.78412034174566,0.0
2025-10-30 21:13:52.312,296.96245222253646,45.50531677835618,0.0
2025-10-30 21:13:52.703,304.498838099156,57.22538654920842,0.0
2025-10-30 21:13:53.086,299.9213039969237,49.02122068829091,0.0
2025-10-30 21:13:53.460,286.4241633442627,59.90404117921233,0.0
2025-10-30 21:13:53.833,297.67709555289986,84.30124777859032,0.0
2025-10-30 21:13:54.272,307.38051848356594,85.4799418625886,0.0
2025-10-30 21:13:54.700,286.7010021532657,115.57935135051125,0.0
2025-10-30 21:13:55.062,296.0186174053693,130.3680501370237,0.0
2025-10-30 21:13:55.465,293.8475974195491,108.47473087286505,0.0
2025-10-30 21:13:55.831,302.8819419057312,114.94033569486504,0.0
2025-10-30 21:13:56.232,294.9901641448584,107.77507149443701,0.0
2025-10-30 21:13:56.645,314.6939457534981,108.19483079456208,0.0
2025-10-30 21:13:57.027,314.4533448944343,111.46558396096334,0.0
2025-10-30 21:13:57.405,299.2796736829704,120.61357029438116,0.0
2025-10-30 21:13:57.802,318.3350937418514,123.94445372549421,0.0
2025-10-30 21:13:58.220,318.46311624361306,123.67934295697032,0.0
2025-10-30 21:13:58.643,201.71729498088655,130.56543930847627,0.0
2025-10-30 21:13:59.078,128.04271835068442,129.56711163613176,0.0
2025-10-30 21:13:59.507,151.9125272123772,77.41236558438175,0.0
2025-10-30 21:13:59.897,186.75232108943993,22.456588606422756,0.0
2025-10-30 21:14:00.318,177.32099011352466,13.915636154128482,0.0
2025-10-30 21:14:00.747,221.76769016495666,13.399502577673033,0.0
2025-10-30 21:14:01.161,174.96790075628599,76.7847487562824,0.0
2025-10-30 21:14:01.608,185.4407885459383,117.74582694108568,0.0
2025-10-30 21:14:02.029,186.7398648333342,107.17864477119426,0.0
2025-10-30 21:14:02.474,162.17094778500393,73.84163294180112,0.0
2025-10-30 21:14:02.919,2.546752178280528,57.490216319889825,0.0
2025-10-30 21:14:03.339,29.54569410709128,66.66835526646997,0.0
2025-10-30 21:14:03.765,326.7157459085002,55.85358640819983,0.0
2025-10-30 21:14:04.208,321.02937919320965,50.858215799134086,0.0
2025-10-30 21:14:04.681,102.2316341326414,68.71154394164193,0.0
2025-10-30 21:14:05.096,35.89683387461906,55.036666663954975,0.0
2025-10-30 21:14:05.524,98.85451828053424,58.47905587948147,0.0
2025-10-30 21:14:05.932,173.4981193896188,90.85061304565063,0.0
2025-10-30 21:14:06.376,196.38802696542174,80.95286724863452,0.0
2025-10-30 21:14:06.838,298.71901439243095,75.07331208948708,0.0
2025-10-30 21:14:07.252,335.24500686120257,53.468839843296465,0.0
2025-10-30 21:14:07.671,282.13383980191634,61.65480206486182,0.0
2025-10-30 21:14:08.116,101.44331073104175,82.36304571135598,0.0
2025-10-30 21:14:08.576,101.3771049932195,104.49216732886438,0.0
2025-10-30 21:14:09.041,88.32285616271528,117.20804520937854,0.0
2025-10-30 21:14:09.489,184.28047303326412,31.596391198668222,0.0
2025-10-30 21:14:09.932,181.81949220608675,25.5852727087644,0.0
2025-10-30 21:14:10.377,167.37111913719582,27.534387624621836,0.0
2025-10-30 21:14:10.858,169.3751722228725,27.1606864938569,0.0
2025-10-30 21:14:11.314,226.70418216679008,101.23869638290677,0.0
2025-10-30 21:14:11.780,190.0751712669553,116.49784845340457,0.0
2025-10-30 21:14:12.231,165.152138450626,115.11504927200642,0.0
2025-10-30 21:14:12.713,152.71283003189137,121.64967186575265,0.0
2025-10-30 21:14:13.183,108.5583515819069,110.89832024831496,0.0
2025-10-30 21:14:13.625,-7.402613023301157,157.6602823028465,0.0
2025-10-30 21:14:14.072,95.01420807034027,119.4774061538287,0.0
2025-10-30 21:14:14.592,149.15532992554915,79.61842813153743,0.0
2025-10-30 21:14:15.082,347.9504309661132,64.61517861523255,0.0
2025-10-30 21:14:15.550,362.8729493714018,48.2438913575468,0.0
