0,1,2,3
1.0,0.0,0.0,0.050045604609464465
0.0,-1.0,0.0,-0.09807621118808339
0.0,0.0,-1.0,0.9934639443606101
0.0,0.0,0.0,1.0
1.0,0.0,0.0,0.05047338176316122
0.0,-1.0,0.0,-0.09866290687130667
0.0,0.0,-1.0,0.9933896133474831
0.0,0.0,0.0,1.0
1.0,0.0,0.0,0.05136874440147718
0.0,-1.0,0.0,-0.09952228952387027
0.0,0.0,-1.0,0.9932522969570199
0.0,0.0,0.0,1.0
1.0,0.0,0.0,0.05213787919114208
0.0,-1.0,0.0,-0.10023600606908539
0.0,0.0,-1.0,0.993138756044199
0.0,0.0,0.0,1.0
1.0,0.0,0.0,0.053353995316595876
0.0,-1.0,0.0,-0.10099399884576987
0.0,0.0,-1.0,0.9930032580388022
0.0,0.0,0.0,1.0
1.0,0.0,0.0,0.05380461094067124
0.0,-1.0,0.0,-0.10087057428419705
0.0,0.0,-1.0,0.9929938973379286
0.0,0.0,0.0,1.0
1.0,0.0,0.0,0.05503656801149672
0.0,-1.0,0.0,-0.10167492902276778
0.0,0.0,-1.0,0.9928435764489166
0.0,0.0,0.0,1.0
1.0,0.0,0.0,0.057294864791180775
0.0,-1.0,0.0,-0.10213250637830468
0.0,0.0,-1.0,0.9926764389725931
0.0,0.0,0.0,1.0
1.0,0.0,0.0,0.05960726815833452
0.0,-1.0,0.0,-0.10348012483467348
0.0,0.0,-1.0,0.9923986073869233
0.0,0.0,0.0,1.0
1.0,0.0,0.0,0.06132220176860144
0.0,-1.0,0.0,-0.10384676973828214
0.0,0.0,-1.0,0.9922644249043501
0.0,0.0,0.0,1.0
1.0,0.0,0.0,0.06511670430744874
0.0,-1.0,0.0,-0.1047133906170698
0.0,0.0,-1.0,0.991926514969603
0.0,0.0,0.0,1.0
1.0,0.0,0.0,0.06753178499338913
0.0,-1.0,0.0,-0.10564226523948528
0.0,0.0,-1.0,0.991655117400541
0.0,0.0,0.0,1.0
1.0,0.0,0.0,0.07009822535075091
0.0,-1.0,0.0,-0.10494808334904797
0.0,0.0,-1.0,0.9915526815255142
0.0,0.0,0.0,1.0
1.0,0.0,0.0,0.07393096760222506
0.0,-1.0,0.0,-0.10526027286626807
0.0,0.0,-1.0,0.9912344330574285
0.0,0.0,0.0,1.0
1.0,0.0,0.0,0.07659240169274287
0.0,-1.0,0.0,-0.10601915145040311
0.0,0.0,-1.0,0.9909621906285319
0.0,0.0,0.0,1.0
1.0,0.0,0.0,0.08022100968904283
0.0,-1.0,0.0,-0.10524677105414987
0.0,0.0,-1.0,0.9907611694200149
0.0,0.0,0.0,1.0
1.0,0.0,0.0,0.08198135106937199
0.0,-1.0,0.0,-0.10517826542793779
0.0,0.0,-1.0,0.9906339783874092
0.0,0.0,0.0,1.0
1.0,0.0,0.0,0.08649187955337927
0.0,-1.0,0.0,-0.10525367810667349
0.0,0.0,-1.0,0.9902501122324849
0.0,0.0,0.0,1.0
1.0,0.0,0.0,0.09222672916146313
0.0,-1.0,0.0,-0.10841698111716938
0.0,0.0,-1.0,0.9894097486518421
0.0,0.0,0.0,1.0
1.0,0.0,0.0,0.09568069105997928
0.0,-1.0,0.0,-0.10991545767951713
0.0,0.0,-1.0,0.9889232326278852
0.0,0.0,0.0,1.0
1.0,0.0,0.0,0.10056598823643112
0.0,-1.0,0.0,-0.10910268845881571
0.0,0.0,-1.0,0.9885423867783931
0.0,0.0,0.0,1.0
1.0,0.0,0.0,0.10548589969923097
0.0,-1.0,0.0,-0.10914383924492964
0.0,0.0,-1.0,0.988024835932299
0.0,0.0,0.0,1.0
1.0,0.0,0.0,0.11046065225821129
0.0,-1.0,0.0,-0.10953225195379793
0.0,0.0,-1.0,0.9874375217511269
0.0,0.0,0.0,1.0
1.0,0.0,0.0,0.11498846376412358
0.0,-1.0,0.0,-0.10828276405559971
0.0,0.0,-1.0,0.9870580288429877
0.0,0.0,0.0,1.0
1.0,0.0,0.0,0.12331121626505699
0.0,-1.0,0.0,-0.10883117846167331
0.0,0.0,-1.0,0.985988784240406
0.0,0.0,0.0,1.0
1.0,0.0,0.0,0.1288401439917724
0.0,-1.0,0.0,-0.1087113286530233
0.0,0.0,-1.0,0.9853180770883011
0.0,0.0,0.0,1.0
1.0,0.0,0.0,0.13309802897780829
0.0,-1.0,0.0,-0.10898591828771725
0.0,0.0,-1.0,0.9846896354351649
0.0,0.0,0.0,1.0
1.0,0.0,0.0,0.13891990306727048
0.0,-1.0,0.0,-0.10847186996705069
0.0,0.0,-1.0,0.9839266755985159
0.0,0.0,0.0,1.0
1.0,0.0,0.0,0.14708194513380804
0.0,-1.0,0.0,-0.10824279351243837
0.0,0.0,-1.0,0.9827599627794356
0.0,0.0,0.0,1.0
1.0,0.0,0.0,0.15396977566577053
0.0,-1.0,0.0,-0.10833896127228153
0.0,0.0,-1.0,0.9817231485917921
0.0,0.0,0.0,1.0
1.0,0.0,0.0,0.15801923266901924
0.0,-1.0,0.0,-0.10979917391871416
0.0,0.0,-1.0,0.9809186181658516
0.0,0.0,0.0,1.0
1.0,0.0,0.0,0.16414440848589756
0.0,-1.0,0.0,-0.10965698058260084
0.0,0.0,-1.0,0.9799273776464418
0.0,0.0,0.0,1.0
1.0,0.0,0.0,0.16923900163308003
0.0,-1.0,0.0,-0.11071530216164327
0.0,0.0,-1.0,0.9789436083361724
0.0,0.0,0.0,1.0
1.0,0.0,0.0,0.17407339379582232
0.0,-1.0,0.0,-0.10980424420294545
0.0,0.0,-1.0,0.9781683530082841
0.0,0.0,0.0,1.0
1.0,0.0,0.0,0.1795571747885195
0.0,-1.0,0.0,-0.1100678785105066
0.0,0.0,-1.0,0.9771521948904569
0.0,0.0,0.0,1.0
1.0,0.0,0.0,0.18308857025282155
0.0,-1.0,0.0,-0.11076195400815539
0.0,0.0,-1.0,0.976406509657808
0.0,0.0,0.0,1.0
1.0,0.0,0.0,0.18669526964221736
0.0,-1.0,0.0,-0.11130047292748045
0.0,0.0,-1.0,0.9756667005750402
0.0,0.0,0.0,1.0
1.0,0.0,0.0,0.18988650826306364
0.0,-1.0,0.0,-0.11176428997543503
0.0,0.0,-1.0,0.975005512750117
0.0,0.0,0.0,1.0
1.0,0.0,0.0,0.19233006360575083
0.0,-1.0,0.0,-0.10995390273702303
0.0,0.0,-1.0,0.974723279252852
0.0,0.0,0.0,1.0
1.0,0.0,0.0,0.19517268753860634
0.0,-1.0,0.0,-0.1106484336332286
0.0,0.0,-1.0,0.9740777807619321
0.0,0.0,0.0,1.0
1.0,0.0,0.0,0.19722111120765445
0.0,-1.0,0.0,-0.10993062920975472
0.0,0.0,-1.0,0.9737478611475163
0.0,0.0,0.0,1.0
1.0,0.0,0.0,0.1994003430362054
0.0,-1.0,0.0,-0.10985738005249011
0.0,0.0,-1.0,0.9733094976538224
0.0,0.0,0.0,1.0
1.0,0.0,0.0,0.2012308864070161
0.0,-1.0,0.0,-0.11018965021267223
0.0,0.0,-1.0,0.9729013364223171
0.0,0.0,0.0,1.0
1.0,0.0,0.0,0.20281054497670306
0.0,-1.0,0.0,-0.1102589124415992
0.0,0.0,-1.0,0.9725766534397715
0.0,0.0,0.0,1.0
1.0,0.0,0.0,0.20384290077474437
0.0,-1.0,0.0,-0.11065324116577963
0.0,0.0,-1.0,0.972310757448049
0.0,0.0,0.0,1.0
1.0,0.0,0.0,0.20463676537642828
0.0,-1.0,0.0,-0.11060443118245204
0.0,0.0,-1.0,0.9721465358996685
0.0,0.0,0.0,1.0
1.0,0.0,0.0,0.20591469152075959
0.0,-1.0,0.0,-0.11178493153422393
0.0,0.0,-1.0,0.9717444125658761
0.0,0.0,0.0,1.0
1.0,0.0,0.0,0.20617462408064474
0.0,-1.0,0.0,-0.11236476303696077
0.0,0.0,-1.0,0.9716311668927624
0.0,0.0,0.0,1.0
1.0,0.0,0.0,0.20662787831051954
0.0,-1.0,0.0,-0.11274614923058782
0.0,0.0,-1.0,0.9714838992291517
0.0,0.0,0.0,1.0
1.0,0.0,0.0,0.20592144717238792
0.0,-1.0,0.0,-0.11423420042971032
0.0,0.0,-1.0,0.9714553867649052
0.0,0.0,0.0,1.0
1.0,0.0,0.0,0.20517489489313062
0.0,-1.0,0.0,-0.11507053655106764
0.0,0.0,-1.0,0.9715175218314085
0.0,0.0,0.0,1.0
1.0,0.0,0.0,0.20312832966549488
0.0,-1.0,0.0,-0.11565520381443117
0.0,0.0,-1.0,0.971877926123909
0.0,0.0,0.0,1.0
1.0,0.0,0.0,0.2009528918136141
0.0,-1.0,0.0,-0.11608209372965497
0.0,0.0,-1.0,0.972281079676699
0.0,0.0,0.0,1.0
1.0,0.0,0.0,0.1979797746206643
0.0,-1.0,0.0,-0.11637499861373495
0.0,0.0,-1.0,0.9728618627473914
0.0,0.0,0.0,1.0
1.0,0.0,0.0,0.19505881226759836
0.0,-1.0,0.0,-0.11641110513224381
0.0,0.0,-1.0,0.9734490556132481
0.0,0.0,0.0,1.0
1.0,0.0,0.0,0.19229770406594784
0.0,-1.0,0.0,-0.11750906562472198
0.0,0.0,-1.0,0.9738669048518936
0.0,0.0,0.0,1.0
1.0,0.0,0.0,0.1887836540935328
0.0,-1.0,0.0,-0.11799809114451984
0.0,0.0,-1.0,0.974495269797025
0.0,0.0,0.0,1.0
1.0,0.0,0.0,0.18494893399805606
0.0,-1.0,0.0,-0.11816951528045516
0.0,0.0,-1.0,0.9752197966653953
0.0,0.0,0.0,1.0
1.0,0.0,0.0,0.18134666784155362
0.0,-1.0,0.0,-0.11839220355389543
0.0,0.0,-1.0,0.9758851753203663
0.0,0.0,0.0,1.0
1.0,0.0,0.0,0.17728314823643904
0.0,-1.0,0.0,-0.11793951356041815
0.0,0.0,-1.0,0.9767100435694751
0.0,0.0,0.0,1.0
1.0,0.0,0.0,0.17193190384733967
0.0,-1.0,0.0,-0.11834935698475632
0.0,0.0,-1.0,0.9776104490479673
0.0,0.0,0.0,1.0
1.0,0.0,0.0,0.16743156242834045
0.0,-1.0,0.0,-0.11763442655550604
0.0,0.0,-1.0,0.9784857187134731
0.0,0.0,0.0,1.0
1.0,0.0,0.0,0.1622386867262205
0.0,-1.0,0.0,-0.1169048087331696
0.0,0.0,-1.0,0.9794552810654502
0.0,0.0,0.0,1.0
1.0,0.0,0.0,0.15761545135901667
0.0,-1.0,0.0,-0.11765331587599634
0.0,0.0,-1.0,0.980112489069183
0.0,0.0,0.0,1.0
1.0,0.0,0.0,0.1517619193888074
0.0,-1.0,0.0,-0.11777425244755915
0.0,0.0,-1.0,0.9810146283423549
0.0,0.0,0.0,1.0
1.0,0.0,0.0,0.14496941512112882
0.0,-1.0,0.0,-0.11736022548712598
0.0,0.0,-1.0,0.9820815771858835
0.0,0.0,0.0,1.0
1.0,0.0,0.0,0.13862536050052954
0.0,-1.0,0.0,-0.11773990107119595
0.0,0.0,-1.0,0.9829504086287408
0.0,0.0,0.0,1.0
1.0,0.0,0.0,0.133420998624656
0.0,-1.0,0.0,-0.1181431747686689
0.0,0.0,-1.0,0.9836476751070309
0.0,0.0,0.0,1.0
1.0,0.0,0.0,0.12657951108361853
0.0,-1.0,0.0,-0.11922672543619728
0.0,0.0,-1.0,0.9844310645041896
0.0,0.0,0.0,1.0
1.0,0.0,0.0,0.12154631197852753
0.0,-1.0,0.0,-0.11911581345122954
0.0,0.0,-1.0,0.985075748808141
0.0,0.0,0.0,1.0
1.0,0.0,0.0,0.11721595306241897
0.0,-1.0,0.0,-0.12031983057305862
0.0,0.0,-1.0,0.9854478545860328
0.0,0.0,0.0,1.0
1.0,0.0,0.0,0.11005027417517925
0.0,-1.0,0.0,-0.12177909039768868
0.0,0.0,-1.0,0.9860977892752016
0.0,0.0,0.0,1.0
1.0,0.0,0.0,0.10374669013801573
0.0,-1.0,0.0,-0.12181118075018256
0.0,0.0,-1.0,0.986775753614929
0.0,0.0,0.0,1.0
1.0,0.0,0.0,0.09843998246482717
0.0,-1.0,0.0,-0.12112767058118208
0.0,0.0,-1.0,0.9874130230719994
0.0,0.0,0.0,1.0
1.0,0.0,0.0,0.09345059733828885
0.0,-1.0,0.0,-0.12117586983447975
0.0,0.0,-1.0,0.987890739337258
0.0,0.0,0.0,1.0
1.0,0.0,0.0,0.08876681544413884
0.0,-1.0,0.0,-0.12033936166576685
0.0,0.0,-1.0,0.9883940966785414
0.0,0.0,0.0,1.0
1.0,0.0,0.0,0.0830363484208202
0.0,-1.0,0.0,-0.12049401022118351
0.0,0.0,-1.0,0.9888674023757984
0.0,0.0,0.0,1.0
1.0,0.0,0.0,0.07823183645651777
0.0,-1.0,0.0,-0.12072158104788114
0.0,0.0,-1.0,0.9892427397168844
0.0,0.0,0.0,1.0
1.0,0.0,0.0,0.06961358615548495
0.0,-1.0,0.0,-0.12123636450070488
0.0,0.0,-1.0,0.9898460688688346
0.0,0.0,0.0,1.0
1.0,0.0,0.0,0.06460763370742176
0.0,-1.0,0.0,-0.12042271393567573
0.0,0.0,-1.0,0.9902857189036203
0.0,0.0,0.0,1.0
1.0,0.0,0.0,0.05981647959074042
0.0,-1.0,0.0,-0.11966830036734108
0.0,0.0,-1.0,0.9906921709836665
0.0,0.0,0.0,1.0
1.0,0.0,0.0,0.054160278216443675
0.0,-1.0,0.0,-0.11903476087185699
0.0,0.0,-1.0,0.9911041848460695
0.0,0.0,0.0,1.0
1.0,0.0,0.0,0.05008902610360899
0.0,-1.0,0.0,-0.11861015406318198
0.0,0.0,-1.0,0.9913543716956545
0.0,0.0,0.0,1.0
1.0,0.0,0.0,0.04504271004158508
0.0,-1.0,0.0,-0.11921057082565636
0.0,0.0,-1.0,0.9915263370356415
0.0,0.0,0.0,1.0
1.0,0.0,0.0,0.040467398346786206
0.0,-1.0,0.0,-0.11975265043934893
0.0,0.0,-1.0,0.9916658661018686
0.0,0.0,0.0,1.0
1.0,0.0,0.0,0.036480416798736565
0.0,-1.0,0.0,-0.11982823138452092
0.0,0.0,-1.0,0.9918063304708147
0.0,0.0,0.0,1.0
1.0,0.0,0.0,0.0329982018128848
0.0,-1.0,0.0,-0.12015743204397843
0.0,0.0,-1.0,0.9919024983014562
0.0,0.0,0.0,1.0
1.0,0.0,0.0,0.029348004519307847
0.0,-1.0,0.0,-0.11941723903650359
0.0,0.0,-1.0,0.9920916271014759
0.0,0.0,0.0,1.0
1.0,0.0,0.0,0.027807701395707783
0.0,-1.0,0.0,-0.11972948612576484
0.0,0.0,-1.0,0.9920910513862236
0.0,0.0,0.0,1.0
1.0,0.0,0.0,0.02766993380086174
0.0,-1.0,0.0,-0.11886135216376183
0.0,0.0,-1.0,0.992195441923821
0.0,0.0,0.0,1.0
1.0,0.0,0.0,0.026997009860737314
0.0,-1.0,0.0,-0.11734037733818072
0.0,0.0,-1.0,0.9923936440345397
0.0,0.0,0.0,1.0
1.0,0.0,0.0,0.02725407057215508
0.0,-1.0,0.0,-0.11577883663978897
0.0,0.0,-1.0,0.9925585482673283
0.0,0.0,0.0,1.0
1.0,0.0,0.0,0.02656793176239458
0.0,-1.0,0.0,-0.11492344465903467
0.0,0.0,-1.0,0.9926958303430571
0.0,0.0,0.0,1.0
1.0,0.0,0.0,0.021664907119163503
0.0,-1.0,0.0,-0.11292590482542536
0.0,0.0,-1.0,0.993097475580003
0.0,0.0,0.0,1.0
1.0,0.0,0.0,0.020654317430000256
0.0,-1.0,0.0,-0.11131888074332719
0.0,0.0,-1.0,0.9933083433063665
0.0,0.0,0.0,1.0
1.0,0.0,0.0,0.019559779472987166
0.0,-1.0,0.0,-0.10975616759462113
0.0,0.0,-1.0,0.9934957168541638
0.0,0.0,0.0,1.0
1.0,0.0,0.0,0.019171497775419166
0.0,-1.0,0.0,-0.10995570662604909
0.0,0.0,-1.0,0.993489354613704
0.0,0.0,0.0,1.0
1.0,0.0,0.0,0.017761132541759494
0.0,-1.0,0.0,-0.10962168082698914
0.0,0.0,-1.0,0.9935529474070506
0.0,0.0,0.0,1.0
1.0,0.0,0.0,0.016191130582525658
0.0,-1.0,0.0,-0.10881096031729579
0.0,0.0,-1.0,0.9936801292038508
0.0,0.0,0.0,1.0
1.0,0.0,0.0,0.017426841181135255
0.0,-1.0,0.0,-0.10964915561264876
0.0,0.0,-1.0,0.9935627843162705
0.0,0.0,0.0,1.0
1.0,0.0,0.0,0.02049513485852395
0.0,-1.0,0.0,-0.10930190480725502
0.0,0.0,-1.0,0.9935305499822298
0.0,0.0,0.0,1.0
1.0,0.0,0.0,0.01604280991299302
0.0,-1.0,0.0,-0.10743808653310793
0.0,0.0,-1.0,0.9938199326855987
0.0,0.0,0.0,1.0
1.0,0.0,0.0,0.021006822316411104
0.0,-1.0,0.0,-0.10638172199762663
0.0,0.0,-1.0,0.9938272299003009
0.0,0.0,0.0,1.0
1.0,0.0,0.0,0.015271585281125637
0.0,-1.0,0.0,-0.10572269800752497
0.0,0.0,-1.0,0.9940218467266413
0.0,0.0,0.0,1.0
1.0,0.0,0.0,0.014194941068525065
0.0,-1.0,0.0,-0.1035057787542799
0.0,0.0,-1.0,0.9942792942009722
0.0,0.0,0.0,1.0
1.0,0.0,0.0,0.015326467972139149
0.0,-1.0,0.0,-0.10091693939028606
0.0,0.0,-1.0,0.9945225803141862
0.0,0.0,0.0,1.0
1.0,0.0,0.0,0.01194548376270668
0.0,-1.0,0.0,-0.10033170488714135
0.0,0.0,-1.0,0.9946530723823935
0.0,0.0,0.0,1.0
1.0,0.0,0.0,0.011098924091763062
0.0,-1.0,0.0,-0.09876800486147627
0.0,0.0,-1.0,0.9948226204023698
0.0,0.0,0.0,1.0
1.0,0.0,0.0,0.010704127888127017
0.0,-1.0,0.0,-0.09684607572403425
0.0,0.0,-1.0,0.9950087757774578
0.0,0.0,0.0,1.0
1.0,0.0,0.0,0.012341803114101085
0.0,-1.0,0.0,-0.09509155821320381
0.0,0.0,-1.0,0.9951560384033068
0.0,0.0,0.0,1.0
1.0,0.0,0.0,0.010058798337973194
0.0,-1.0,0.0,-0.09572195207875561
0.0,0.0,-1.0,0.9951226725839245
0.0,0.0,0.0,1.0
1.0,0.0,0.0,0.01566990096476559
0.0,-1.0,0.0,-0.09446212106057805
0.0,0.0,-1.0,0.9951427549358588
0.0,0.0,0.0,1.0
1.0,0.0,0.0,0.01738284609516165
0.0,-1.0,0.0,-0.0937446983153276
0.0,0.0,-1.0,0.9951565858824323
0.0,0.0,0.0,1.0
1.0,0.0,0.0,0.020253567678095122
0.0,-1.0,0.0,-0.09334517885893094
0.0,0.0,-1.0,0.995104823911536
0.0,0.0,0.0,1.0
1.0,0.0,0.0,0.018454123284607164
0.0,-1.0,0.0,-0.09263270057093416
0.0,0.0,-1.0,0.9951807648121196
0.0,0.0,0.0,1.0
1.0,0.0,0.0,0.017651993836373375
0.0,-1.0,0.0,-0.09027725444774329
0.0,0.0,-1.0,0.9953690376008562
0.0,0.0,0.0,1.0
1.0,0.0,0.0,0.013124344754118738
0.0,-1.0,0.0,-0.08833527621231643
0.0,0.0,-1.0,0.9955869637694561
0.0,0.0,0.0,1.0
1.0,0.0,0.0,0.010303052033419802
0.0,-1.0,0.0,-0.08847054209348015
0.0,0.0,-1.0,0.9955859899860264
0.0,0.0,0.0,1.0
1.0,0.0,0.0,0.006736920595645334
0.0,-1.0,0.0,-0.08977063047025452
0.0,0.0,-1.0,0.9954841191545342
0.0,0.0,0.0,1.0
1.0,0.0,0.0,0.00467581894904215
0.0,-1.0,0.0,-0.08857722915307621
0.0,0.0,-1.0,0.9956006343607884
0.0,0.0,0.0,1.0
1.0,0.0,0.0,0.003205281109170668
0.0,-1.0,0.0,-0.08855070659947445
0.0,0.0,-1.0,0.9956068536518499
0.0,0.0,0.0,1.0
1.0,0.0,0.0,0.0028128174483864257
0.0,-1.0,0.0,-0.08895958096681521
0.0,0.0,-1.0,0.9955640117808897
0.0,0.0,0.0,1.0
1.0,0.0,0.0,0.002869632303389923
0.0,-1.0,0.0,-0.08879357283607518
0.0,0.0,-1.0,0.9955781381857528
0.0,0.0,0.0,1.0
1.0,0.0,0.0,0.0032985563241436193
0.0,-1.0,0.0,-0.08921038842710644
0.0,0.0,-1.0,0.9955258382208056
0.0,0.0,0.0,1.0
1.0,0.0,0.0,0.003713236874281302
0.0,-1.0,0.0,-0.08864119727986375
0.0,0.0,-1.0,0.9955670040498968
0.0,0.0,0.0,1.0
1.0,0.0,0.0,0.004750653143938631
0.0,-1.0,0.0,-0.08768990328975268
0.0,0.0,-1.0,0.995657401367203
0.0,0.0,0.0,1.0
1.0,0.0,0.0,0.005625646704566814
0.0,-1.0,0.0,-0.08838123646096725
0.0,0.0,-1.0,0.9956057667428821
0.0,0.0,0.0,1.0
1.0,0.0,0.0,0.007038126291978617
0.0,-1.0,0.0,-0.08787069983728854
0.0,0.0,-1.0,0.9956422410754232
0.0,0.0,0.0,1.0
1.0,0.0,0.0,0.007110654709312393
0.0,-1.0,0.0,-0.08831015716319911
0.0,0.0,-1.0,0.9956046118541138
0.0,0.0,0.0,1.0
1.0,0.0,0.0,0.007407195885489971
0.0,-1.0,0.0,-0.0883455249571341
0.0,0.0,-1.0,0.9956078456983686
0.0,0.0,0.0,1.0
1.0,0.0,0.0,0.00868952846128193
0.0,-1.0,0.0,-0.08893771190820579
0.0,0.0,-1.0,0.9955466365083583
0.0,0.0,0.0,1.0
1.0,0.0,0.0,0.009285382293764364
0.0,-1.0,0.0,-0.08863965511071684
0.0,0.0,-1.0,0.9955732346429746
0.0,0.0,0.0,1.0
1.0,0.0,0.0,0.010485557273664873
0.0,-1.0,0.0,-0.08860100232468476
0.0,0.0,-1.0,0.995570369431694
0.0,0.0,0.0,1.0
1.0,0.0,0.0,0.011001995076668006
0.0,-1.0,0.0,-0.08908991769130528
0.0,0.0,-1.0,0.9955275442252041
0.0,0.0,0.0,1.0
1.0,0.0,0.0,0.011324503217174582
0.0,-1.0,0.0,-0.08985063019059446
0.0,0.0,-1.0,0.9954651663347502
0.0,0.0,0.0,1.0
1.0,0.0,0.0,0.011718524548399365
0.0,-1.0,0.0,-0.08978808747035488
0.0,0.0,-1.0,0.9954564200365715
0.0,0.0,0.0,1.0
1.0,0.0,0.0,0.012769111196400711
0.0,-1.0,0.0,-0.08882218101597539
0.0,0.0,-1.0,0.9955374877414951
0.0,0.0,0.0,1.0
1.0,0.0,0.0,0.014400531922729352
0.0,-1.0,0.0,-0.08812103771559764
0.0,0.0,-1.0,0.9955816960118011
0.0,0.0,0.0,1.0
1.0,0.0,0.0,0.01609795833874228
0.0,-1.0,0.0,-0.0875947159148517
0.0,0.0,-1.0,0.9956145179440334
0.0,0.0,0.0,1.0
1.0,0.0,0.0,0.01737472553350393
0.0,-1.0,0.0,-0.08642868239354623
0.0,0.0,-1.0,0.9956902678266504
0.0,0.0,0.0,1.0
1.0,0.0,0.0,0.018352830229547548
0.0,-1.0,0.0,-0.08392274274540257
0.0,0.0,-1.0,0.995857548215175
0.0,0.0,0.0,1.0
1.0,0.0,0.0,0.020725523646696754
0.0,-1.0,0.0,-0.08211406776755836
0.0,0.0,-1.0,0.9959594128932729
0.0,0.0,0.0,1.0
1.0,0.0,0.0,0.023407717980534058
0.0,-1.0,0.0,-0.08033563500644361
0.0,0.0,-1.0,0.9960446877395361
0.0,0.0,0.0,1.0
1.0,0.0,0.0,0.02488333488876255
0.0,-1.0,0.0,-0.07860485777410064
0.0,0.0,-1.0,0.9961461992974328
0.0,0.0,0.0,1.0
1.0,0.0,0.0,0.02654625475985411
0.0,-1.0,0.0,-0.07765322030659774
0.0,0.0,-1.0,0.9961681885008197
0.0,0.0,0.0,1.0
1.0,0.0,0.0,0.028105690803298514
0.0,-1.0,0.0,-0.07742739730368528
0.0,0.0,-1.0,0.9961418816954518
0.0,0.0,0.0,1.0
1.0,0.0,0.0,0.029332637036309023
0.0,-1.0,0.0,-0.07788452402391269
0.0,0.0,-1.0,0.9960550046300729
0.0,0.0,0.0,1.0
1.0,0.0,0.0,0.03074121711264618
0.0,-1.0,0.0,-0.07909878864433839
0.0,0.0,-1.0,0.9959023857138826
0.0,0.0,0.0,1.0
1.0,0.0,0.0,0.03211524758997222
0.0,-1.0,0.0,-0.08067641724766941
0.0,0.0,-1.0,0.9957358833987655
0.0,0.0,0.0,1.0
1.0,0.0,0.0,0.03413093302157145
0.0,-1.0,0.0,-0.08181029285385194
0.0,0.0,-1.0,0.9955860978417176
0.0,0.0,0.0,1.0
1.0,0.0,0.0,0.034773449240844356
0.0,-1.0,0.0,-0.08327094191185691
0.0,0.0,-1.0,0.9954436605588026
0.0,0.0,0.0,1.0
1.0,0.0,0.0,0.03519855522836244
0.0,-1.0,0.0,-0.08367521988853839
0.0,0.0,-1.0,0.9953843802191501
0.0,0.0,0.0,1.0
1.0,0.0,0.0,0.03651169083595249
0.0,-1.0,0.0,-0.08577070604589232
0.0,0.0,-1.0,0.9951372198486642
0.0,0.0,0.0,1.0
1.0,0.0,0.0,0.03631572456716437
0.0,-1.0,0.0,-0.0864259895321871
0.0,0.0,-1.0,0.9951007096243605
0.0,0.0,0.0,1.0
1.0,0.0,0.0,0.03656268891528358
0.0,-1.0,0.0,-0.08726913144068071
0.0,0.0,-1.0,0.9950306697544681
0.0,0.0,0.0,1.0
1.0,0.0,0.0,0.0376136073224564
0.0,-1.0,0.0,-0.0883071011391312
0.0,0.0,-1.0,0.9948877577204551
0.0,0.0,0.0,1.0
1.0,0.0,0.0,0.038184470109878944
0.0,-1.0,0.0,-0.08969248043382813
0.0,0.0,-1.0,0.9947372662949568
0.0,0.0,0.0,1.0
1.0,0.0,0.0,0.04019508995705958
0.0,-1.0,0.0,-0.09070356015855213
0.0,0.0,-1.0,0.9945574455335854
0.0,0.0,0.0,1.0
1.0,0.0,0.0,0.04081195936078534
0.0,-1.0,0.0,-0.09210851770644574
0.0,0.0,-1.0,0.9944059870451922
0.0,0.0,0.0,1.0
1.0,0.0,0.0,0.04121696610228082
0.0,-1.0,0.0,-0.09380444358252069
0.0,0.0,-1.0,0.9942401703454319
0.0,0.0,0.0,1.0
1.0,0.0,0.0,0.041941433836801496
0.0,-1.0,0.0,-0.09519675595339497
0.0,0.0,-1.0,0.9940823856952764
0.0,0.0,0.0,1.0
1.0,0.0,0.0,0.04319226806400725
0.0,-1.0,0.0,-0.09631628448339807
0.0,0.0,-1.0,0.993942605978156
0.0,0.0,0.0,1.0
1.0,0.0,0.0,0.04432494752062521
0.0,-1.0,0.0,-0.09819881446352755
0.0,0.0,-1.0,0.9937180098642207
0.0,0.0,0.0,1.0
1.0,0.0,0.0,0.04506419935074492
0.0,-1.0,0.0,-0.09951308199428836
0.0,0.0,-1.0,0.9935730577234423
0.0,0.0,0.0,1.0
1.0,0.0,0.0,0.04584835868867614
0.0,-1.0,0.0,-0.10026774004468474
0.0,0.0,-1.0,0.9934605404997832
0.0,0.0,0.0,1.0
1.0,0.0,0.0,0.04723115373879275
0.0,-1.0,0.0,-0.10121494306222933
0.0,0.0,-1.0,0.9933013137337545
0.0,0.0,0.0,1.0
1.0,0.0,0.0,0.04886040738718495
0.0,-1.0,0.0,-0.10200490298050924
0.0,0.0,-1.0,0.9931355028224289
0.0,0.0,0.0,1.0
1.0,0.0,0.0,0.05075476944023134
0.0,-1.0,0.0,-0.10273156688225019
0.0,0.0,-1.0,0.9929724754447731
0.0,0.0,0.0,1.0
1.0,0.0,0.0,0.05157157086567274
0.0,-1.0,0.0,-0.10277157431853072
0.0,0.0,-1.0,0.9929269159877899
0.0,0.0,0.0,1.0
1.0,0.0,0.0,0.05313816558410554
0.0,-1.0,0.0,-0.10297722838911624
0.0,0.0,-1.0,0.9928351797943129
0.0,0.0,0.0,1.0
1.0,0.0,0.0,0.05568733085203917
0.0,-1.0,0.0,-0.10348630468009745
0.0,0.0,-1.0,0.9926301094968595
0.0,0.0,0.0,1.0
1.0,0.0,0.0,0.05808020337620084
0.0,-1.0,0.0,-0.10310660936851998
0.0,0.0,-1.0,0.992546788923788
0.0,0.0,0.0,1.0
1.0,0.0,0.0,0.06108120415858591
0.0,-1.0,0.0,-0.10338587599795881
0.0,0.0,-1.0,0.9923369797461008
0.0,0.0,0.0,1.0
1.0,0.0,0.0,0.06451929280524868
0.0,-1.0,0.0,-0.10236160973397132
0.0,0.0,-1.0,0.9922231121404752
0.0,0.0,0.0,1.0
1.0,0.0,0.0,0.06803355446051423
0.0,-1.0,0.0,-0.1016717537617268
0.0,0.0,-1.0,0.9920609774634319
0.0,0.0,0.0,1.0
1.0,0.0,0.0,0.07225489632385369
0.0,-1.0,0.0,-0.10250461386706423
0.0,0.0,-1.0,0.9916965366469535
0.0,0.0,0.0,1.0
1.0,0.0,0.0,0.07528098514112881
0.0,-1.0,0.0,-0.10159481339595935
0.0,0.0,-1.0,0.9915607161599804
0.0,0.0,0.0,1.0
1.0,0.0,0.0,0.07862621524132614
0.0,-1.0,0.0,-0.10194417932306779
0.0,0.0,-1.0,0.9912877294393587
0.0,0.0,0.0,1.0
1.0,0.0,0.0,0.08068664671350938
0.0,-1.0,0.0,-0.10273514964952773
0.0,0.0,-1.0,0.9910350303261484
0.0,0.0,0.0,1.0
1.0,0.0,0.0,0.08505078414329763
0.0,-1.0,0.0,-0.10484608791971964
0.0,0.0,-1.0,0.9904552482146689
0.0,0.0,0.0,1.0
1.0,0.0,0.0,0.08843171880237274
0.0,-1.0,0.0,-0.10523985679167008
0.0,0.0,-1.0,0.9901387980498915
0.0,0.0,0.0,1.0
1.0,0.0,0.0,0.09078568101451717
0.0,-1.0,0.0,-0.10669268084998274
0.0,0.0,-1.0,0.98976859974846
0.0,0.0,0.0,1.0
1.0,0.0,0.0,0.09163938492508206
0.0,-1.0,0.0,-0.10815212429322421
0.0,0.0,-1.0,0.9895277705837145
0.0,0.0,0.0,1.0
1.0,0.0,0.0,0.0956656796377838
0.0,-1.0,0.0,-0.10947246782772926
0.0,0.0,-1.0,0.9890056831522033
0.0,0.0,0.0,1.0
1.0,0.0,0.0,0.09698333016961669
0.0,-1.0,0.0,-0.11095758218339641
0.0,0.0,-1.0,0.988713293452387
0.0,0.0,0.0,1.0
1.0,0.0,0.0,0.09913661228572843
0.0,-1.0,0.0,-0.11208480485581516
0.0,0.0,-1.0,0.988388228751649
0.0,0.0,0.0,1.0
1.0,0.0,0.0,0.10168109625468559
0.0,-1.0,0.0,-0.11284679152560635
0.0,0.0,-1.0,0.988052217309974
0.0,0.0,0.0,1.0
1.0,0.0,0.0,0.10290136934766911
0.0,-1.0,0.0,-0.11378093150946343
0.0,0.0,-1.0,0.9878242183348663
0.0,0.0,0.0,1.0
1.0,0.0,0.0,0.10322531062053847
0.0,-1.0,0.0,-0.11460982648323555
0.0,0.0,-1.0,0.9877047376173909
0.0,0.0,0.0,1.0
1.0,0.0,0.0,0.10377722026154046
0.0,-1.0,0.0,-0.1149348959697403
0.0,0.0,-1.0,0.9876167064722849
0.0,0.0,0.0,1.0
1.0,0.0,0.0,0.10446020030427997
0.0,-1.0,0.0,-0.11532368148839747
0.0,0.0,-1.0,0.9874963099333047
0.0,0.0,0.0,1.0
1.0,0.0,0.0,0.10508741295131155
0.0,-1.0,0.0,-0.11458992908434648
0.0,0.0,-1.0,0.9875172090612095
0.0,0.0,0.0,1.0
1.0,0.0,0.0,0.1052277261283322
0.0,-1.0,0.0,-0.11474241493173873
0.0,0.0,-1.0,0.9874825331196416
0.0,0.0,0.0,1.0
1.0,0.0,0.0,0.10585147479889645
0.0,-1.0,0.0,-0.11385996515275051
0.0,0.0,-1.0,0.9874981209567275
0.0,0.0,0.0,1.0
1.0,0.0,0.0,0.10694748401648321
0.0,-1.0,0.0,-0.11239966674833476
0.0,0.0,-1.0,0.9875454037279882
0.0,0.0,0.0,1.0
1.0,0.0,0.0,0.10668070041048783
0.0,-1.0,0.0,-0.11238912625409334
0.0,0.0,-1.0,0.9875761718536294
0.0,0.0,0.0,1.0
1.0,0.0,0.0,0.1066421435229849
0.0,-1.0,0.0,-0.11171326294641114
0.0,0.0,-1.0,0.9876563423076219
0.0,0.0,0.0,1.0
1.0,0.0,0.0,0.10622567373850378
0.0,-1.0,0.0,-0.11100843015226097
0.0,0.0,-1.0,0.9877767904033454
0.0,0.0,0.0,1.0
1.0,0.0,0.0,0.10553739512531717
0.0,-1.0,0.0,-0.11060525192116245
0.0,0.0,-1.0,0.987893998308857
0.0,0.0,0.0,1.0
1.0,0.0,0.0,0.10490317125640386
0.0,-1.0,0.0,-0.11058428216459443
0.0,0.0,-1.0,0.9879619371871222
0.0,0.0,0.0,1.0
1.0,0.0,0.0,0.10385095403082023
0.0,-1.0,0.0,-0.10911303934215758
0.0,0.0,-1.0,0.9882310213512185
0.0,0.0,0.0,1.0
1.0,0.0,0.0,0.10219890327625089
0.0,-1.0,0.0,-0.10883178117681241
0.0,0.0,-1.0,0.988433843655911
0.0,0.0,0.0,1.0
1.0,0.0,0.0,0.1010909932266755
0.0,-1.0,0.0,-0.10828534659747643
0.0,0.0,-1.0,0.9885962329909113
0.0,0.0,0.0,1.0
1.0,0.0,0.0,0.10133676841546004
0.0,-1.0,0.0,-0.10844631988276102
0.0,0.0,-1.0,0.9885562229008875
0.0,0.0,0.0,1.0
1.0,0.0,0.0,0.10101475782031574
0.0,-1.0,0.0,-0.10743487915413005
0.0,0.0,-1.0,0.9886863304231145
0.0,0.0,0.0,1.0
1.0,0.0,0.0,0.09991200664479363
0.0,-1.0,0.0,-0.10632456602646403
0.0,0.0,-1.0,0.9889156125441447
0.0,0.0,0.0,1.0
1.0,0.0,0.0,0.09956124382215831
0.0,-1.0,0.0,-0.10561301398440062
0.0,0.0,-1.0,0.9890330475412674
0.0,0.0,0.0,1.0
1.0,0.0,0.0,0.09911311775919442
0.0,-1.0,0.0,-0.10457583896189226
0.0,0.0,-1.0,0.9891799001976185
0.0,0.0,0.0,1.0
1.0,0.0,0.0,0.0984777909510331
0.0,-1.0,0.0,-0.10403448433673179
0.0,0.0,-1.0,0.9892941344904815
0.0,0.0,0.0,1.0
1.0,0.0,0.0,0.09758341443695458
0.0,-1.0,0.0,-0.1029703546319967
0.0,0.0,-1.0,0.9894892103544313
0.0,0.0,0.0,1.0
1.0,0.0,0.0,0.09741021544245919
0.0,-1.0,0.0,-0.10197690163254494
0.0,0.0,-1.0,0.9896081566548018
0.0,0.0,0.0,1.0
1.0,0.0,0.0,0.09808866579932861
0.0,-1.0,0.0,-0.09908912135927662
0.0,0.0,-1.0,0.9898323289070586
0.0,0.0,0.0,1.0
1.0,0.0,0.0,0.09767246812759425
0.0,-1.0,0.0,-0.09876354377547787
0.0,0.0,-1.0,0.9898942922162624
0.0,0.0,0.0,1.0
1.0,0.0,0.0,0.09777143811270135
0.0,-1.0,0.0,-0.09691857336169124
0.0,0.0,-1.0,0.9900525897698438
0.0,0.0,0.0,1.0
1.0,0.0,0.0,0.09597226391260372
0.0,-1.0,0.0,-0.09542945340971674
0.0,0.0,-1.0,0.990382090418573
0.0,0.0,0.0,1.0
1.0,0.0,0.0,0.09462115515410725
0.0,-1.0,0.0,-0.09353878957155645
0.0,0.0,-1.0,0.9906794708228048
0.0,0.0,0.0,1.0
1.0,0.0,0.0,0.09324185822553549
0.0,-1.0,0.0,-0.09181386394635935
0.0,0.0,-1.0,0.9909654390601668
0.0,0.0,0.0,1.0
1.0,0.0,0.0,0.09165626866512126
0.0,-1.0,0.0,-0.09012645546596165
0.0,0.0,-1.0,0.9912617276014579
0.0,0.0,0.0,1.0
1.0,0.0,0.0,0.08977599795714336
0.0,-1.0,0.0,-0.0878972694463411
0.0,0.0,-1.0,0.9916344068988502
0.0,0.0,0.0,1.0
1.0,0.0,0.0,0.08855392394685893
0.0,-1.0,0.0,-0.08600370501016096
0.0,0.0,-1.0,0.9918959927483861
0.0,0.0,0.0,1.0
1.0,0.0,0.0,0.08622414002352845
0.0,-1.0,0.0,-0.08422704935946888
0.0,0.0,-1.0,0.9922278102270117
0.0,0.0,0.0,1.0
1.0,0.0,0.0,0.08456553282291526
0.0,-1.0,0.0,-0.08321638953979779
0.0,0.0,-1.0,0.9924618464908279
0.0,0.0,0.0,1.0
1.0,0.0,0.0,0.08242404627097226
0.0,-1.0,0.0,-0.08105182305285313
0.0,0.0,-1.0,0.9928312379310282
0.0,0.0,0.0,1.0
1.0,0.0,0.0,0.08150245260270317
0.0,-1.0,0.0,-0.08159454937696159
0.0,0.0,-1.0,0.9928349327928538
0.0,0.0,0.0,1.0
1.0,0.0,0.0,0.08131818923867509
0.0,-1.0,0.0,-0.08243367238315923
0.0,0.0,-1.0,0.9928141779567989
0.0,0.0,0.0,1.0
1.0,0.0,0.0,0.08060797277236464
0.0,-1.0,0.0,-0.08293835730723415
0.0,0.0,-1.0,0.9928474049408709
0.0,0.0,0.0,1.0
1.0,0.0,0.0,0.08240952446319613
0.0,-1.0,0.0,-0.08402921117762197
0.0,0.0,-1.0,0.9926294118760809
0.0,0.0,0.0,1.0
1.0,0.0,0.0,0.08653231554661128
0.0,-1.0,0.0,-0.08462832739782358
0.0,0.0,-1.0,0.9922579159117992
0.0,0.0,0.0,1.0
1.0,0.0,0.0,0.0869140743823388
0.0,-1.0,0.0,-0.0861207192540838
0.0,0.0,-1.0,0.9921232485698663
0.0,0.0,0.0,1.0
1.0,0.0,0.0,0.08767065083008176
0.0,-1.0,0.0,-0.0860813915634906
0.0,0.0,-1.0,0.9920840163016025
0.0,0.0,0.0,1.0
1.0,0.0,0.0,0.08761314629775818
0.0,-1.0,0.0,-0.08534669578832435
0.0,0.0,-1.0,0.9921841899904023
0.0,0.0,0.0,1.0
1.0,0.0,0.0,0.08856338369576283
0.0,-1.0,0.0,-0.08502855144085528
0.0,0.0,-1.0,0.992130363010695
0.0,0.0,0.0,1.0
1.0,0.0,0.0,0.08973067072616514
0.0,-1.0,0.0,-0.08499458044825682
0.0,0.0,-1.0,0.992026867295386
0.0,0.0,0.0,1.0
1.0,0.0,0.0,0.08852370006064876
0.0,-1.0,0.0,-0.08499216313450797
0.0,0.0,-1.0,0.9921405393691143
0.0,0.0,0.0,1.0
1.0,0.0,0.0,0.08736454721457329
0.0,-1.0,0.0,-0.0854305600205737
0.0,0.0,-1.0,0.9922127770126408
0.0,0.0,0.0,1.0
1.0,0.0,0.0,0.08504205853776772
0.0,-1.0,0.0,-0.0853750045049867
0.0,0.0,-1.0,0.9924255602051444
0.0,0.0,0.0,1.0
1.0,0.0,0.0,0.08393728149242095
0.0,-1.0,0.0,-0.08550051335757841
0.0,0.0,-1.0,0.9925055439145829
0.0,0.0,0.0,1.0
1.0,0.0,0.0,0.07977900096839316
0.0,-1.0,0.0,-0.08535269418992153
0.0,0.0,-1.0,0.9928748824695426
0.0,0.0,0.0,1.0
1.0,0.0,0.0,0.07806248287704604
0.0,-1.0,0.0,-0.0849949883066192
0.0,0.0,-1.0,0.9930504329163071
0.0,0.0,0.0,1.0
1.0,0.0,0.0,0.07764820091248732
0.0,-1.0,0.0,-0.08573972019170523
0.0,0.0,-1.0,0.9930119959243231
0.0,0.0,0.0,1.0
1.0,0.0,0.0,0.07947030816438938
0.0,-1.0,0.0,-0.08572448026599463
0.0,0.0,-1.0,0.992871814856558
0.0,0.0,0.0,1.0
1.0,0.0,0.0,0.07764980232366389
0.0,-1.0,0.0,-0.08573813099071195
0.0,0.0,-1.0,0.9930119656126531
0.0,0.0,0.0,1.0
1.0,0.0,0.0,0.07763576400375774
0.0,-1.0,0.0,-0.08641205623015166
0.0,0.0,-1.0,0.9929551440535632
0.0,0.0,0.0,1.0
1.0,0.0,0.0,0.07739850717741666
0.0,-1.0,0.0,-0.08717399904267459
0.0,0.0,-1.0,0.992912419441859
0.0,0.0,0.0,1.0
1.0,0.0,0.0,0.07597883813431489
0.0,-1.0,0.0,-0.08823374056284275
0.0,0.0,-1.0,0.9929299348347518
0.0,0.0,0.0,1.0
1.0,0.0,0.0,0.07764367521850599
0.0,-1.0,0.0,-0.08899422943785129
0.0,0.0,-1.0,0.9927273721619527
0.0,0.0,0.0,1.0
1.0,0.0,0.0,0.07634861323920344
0.0,-1.0,0.0,-0.08978524837458868
0.0,0.0,-1.0,0.9927576764547625
0.0,0.0,0.0,1.0
1.0,0.0,0.0,0.07969878051471328
0.0,-1.0,0.0,-0.09267711181798635
0.0,0.0,-1.0,0.9922194371327282
0.0,0.0,0.0,1.0
1.0,0.0,0.0,0.0784686441324853
0.0,-1.0,0.0,-0.09631989075264794
0.0,0.0,-1.0,0.9919687799806689
0.0,0.0,0.0,1.0
1.0,0.0,0.0,0.08350092901375966
0.0,-1.0,0.0,-0.10023311532119306
0.0,0.0,-1.0,0.9911541529394339
0.0,0.0,0.0,1.0
1.0,0.0,0.0,0.08573183860168553
0.0,-1.0,0.0,-0.10343362709733196
0.0,0.0,-1.0,0.9906217369538131
0.0,0.0,0.0,1.0
1.0,0.0,0.0,0.08579433775950784
0.0,-1.0,0.0,-0.10643797031266658
0.0,0.0,-1.0,0.9903129224541698
0.0,0.0,0.0,1.0
1.0,0.0,0.0,0.08642639335861332
0.0,-1.0,0.0,-0.1117463611406756
0.0,0.0,-1.0,0.9897119024302548
0.0,0.0,0.0,1.0
1.0,0.0,0.0,0.09144811892165783
0.0,-1.0,0.0,-0.11702284001601539
0.0,0.0,-1.0,0.988626204880759
0.0,0.0,0.0,1.0
1.0,0.0,0.0,0.09038241671792413
0.0,-1.0,0.0,-0.12403101245474922
0.0,0.0,-1.0,0.9878629385720403
0.0,0.0,0.0,1.0
1.0,0.0,0.0,0.08722863280452182
0.0,-1.0,0.0,-0.1294328013482703
0.0,0.0,-1.0,0.98745076888052
0.0,0.0,0.0,1.0
1.0,0.0,0.0,0.08927240980105797
0.0,-1.0,0.0,-0.13513051004719048
0.0,0.0,-1.0,0.9865005199812258
0.0,0.0,0.0,1.0
1.0,0.0,0.0,0.08979065795505828
0.0,-1.0,0.0,-0.1389890162966841
0.0,0.0,-1.0,0.9858953300159133
0.0,0.0,0.0,1.0
1.0,0.0,0.0,0.08997788128124826
0.0,-1.0,0.0,-0.14261537058669488
0.0,0.0,-1.0,0.9853271301065059
0.0,0.0,0.0,1.0
1.0,0.0,0.0,0.08931525237025176
0.0,-1.0,0.0,-0.14613198327193228
0.0,0.0,-1.0,0.9848559397298675
0.0,0.0,0.0,1.0
1.0,0.0,0.0,0.09023671604791463
0.0,-1.0,0.0,-0.14934933646345266
0.0,0.0,-1.0,0.984254775644148
0.0,0.0,0.0,1.0
1.0,0.0,0.0,0.09156550952862069
0.0,-1.0,0.0,-0.15257305486517125
0.0,0.0,-1.0,0.9836165686019569
0.0,0.0,0.0,1.0
1.0,0.0,0.0,0.0923632885796945
0.0,-1.0,0.0,-0.15426780585327737
0.0,0.0,-1.0,0.98330151993531
0.0,0.0,0.0,1.0
1.0,0.0,0.0,0.0951764206461394
0.0,-1.0,0.0,-0.15676614400437028
0.0,0.0,-1.0,0.9826572380554112
0.0,0.0,0.0,1.0
1.0,0.0,0.0,0.09670879590085027
0.0,-1.0,0.0,-0.15852205648456552
0.0,0.0,-1.0,0.9822200645899171
0.0,0.0,0.0,1.0
1.0,0.0,0.0,0.10001638216104886
0.0,-1.0,0.0,-0.15996422922369186
0.0,0.0,-1.0,0.981657465191708
0.0,0.0,0.0,1.0
1.0,0.0,0.0,0.1025596842146444
0.0,-1.0,0.0,-0.16175236853291436
0.0,0.0,-1.0,0.9811128396104631
0.0,0.0,0.0,1.0
1.0,0.0,0.0,0.10577646118214587
0.0,-1.0,0.0,-0.1629516217808566
0.0,0.0,-1.0,0.9806053016117022
0.0,0.0,0.0,1.0
1.0,0.0,0.0,0.10922956765743673
0.0,-1.0,0.0,-0.16347698444870706
0.0,0.0,-1.0,0.9801383593046
0.0,0.0,0.0,1.0
1.0,0.0,0.0,0.11205694556112333
0.0,-1.0,0.0,-0.16441851096397736
0.0,0.0,-1.0,0.9796622775917035
0.0,0.0,0.0,1.0
1.0,0.0,0.0,0.11597348450873882
0.0,-1.0,0.0,-0.16470645641309345
0.0,0.0,-1.0,0.9791681754420953
0.0,0.0,0.0,1.0
1.0,0.0,0.0,0.12017074956207245
0.0,-1.0,0.0,-0.16376922855174275
0.0,0.0,-1.0,0.9788366380412085
0.0,0.0,0.0,1.0
1.0,0.0,0.0,0.12218884089263737
0.0,-1.0,0.0,-0.16277423758996323
0.0,0.0,-1.0,0.978739582946172
0.0,0.0,0.0,1.0
1.0,0.0,0.0,0.12810025826562998
0.0,-1.0,0.0,-0.16321270643358354
0.0,0.0,-1.0,0.9779184322325648
0.0,0.0,0.0,1.0
1.0,0.0,0.0,0.13277065852992187
0.0,-1.0,0.0,-0.1621585753710661
0.0,0.0,-1.0,0.9774754478862027
0.0,0.0,0.0,1.0
1.0,0.0,0.0,0.14333348623829423
0.0,-1.0,0.0,-0.16013579959689747
0.0,0.0,-1.0,0.9762611611627448
0.0,0.0,0.0,1.0
1.0,0.0,0.0,0.14757865826246008
0.0,-1.0,0.0,-0.1587249115958333
0.0,0.0,-1.0,0.9758381609592803
0.0,0.0,0.0,1.0
1.0,0.0,0.0,0.15211848193299132
0.0,-1.0,0.0,-0.15811582873450847
0.0,0.0,-1.0,0.9752292838799828
0.0,0.0,0.0,1.0
1.0,0.0,0.0,0.15701581521598335
0.0,-1.0,0.0,-0.1558674005403923
0.0,0.0,-1.0,0.9748162877223354
0.0,0.0,0.0,1.0
1.0,0.0,0.0,0.16134212533340928
0.0,-1.0,0.0,-0.1545701921247742
0.0,0.0,-1.0,0.974311597482624
0.0,0.0,0.0,1.0
1.0,0.0,0.0,0.16583912353913105
0.0,-1.0,0.0,-0.15317653713049934
0.0,0.0,-1.0,0.9737869215678017
0.0,0.0,0.0,1.0
1.0,0.0,0.0,0.17047474562723294
0.0,-1.0,0.0,-0.15133509616008894
0.0,0.0,-1.0,0.9732676498072836
0.0,0.0,0.0,1.0
1.0,0.0,0.0,0.17495442619681506
0.0,-1.0,0.0,-0.1498538413431103
0.0,0.0,-1.0,0.9726908988024494
0.0,0.0,0.0,1.0
1.0,0.0,0.0,0.176911663506572
0.0,-1.0,0.0,-0.14939230725240932
0.0,0.0,-1.0,0.9723687331311722
0.0,0.0,0.0,1.0
1.0,0.0,0.0,0.18160236181487513
0.0,-1.0,0.0,-0.14745702377708714
0.0,0.0,-1.0,0.9717970834946912
0.0,0.0,0.0,1.0
1.0,0.0,0.0,0.18666873842622972
0.0,-1.0,0.0,-0.1461770378624958
0.0,0.0,-1.0,0.9710337126748164
0.0,0.0,0.0,1.0
1.0,0.0,0.0,0.1925948596897803
0.0,-1.0,0.0,-0.1425908390216958
0.0,0.0,-1.0,0.9704026843765137
0.0,0.0,0.0,1.0
1.0,0.0,0.0,0.1959600949655157
0.0,-1.0,0.0,-0.13881519904655334
0.0,0.0,-1.0,0.9702775955619576
0.0,0.0,0.0,1.0
1.0,0.0,0.0,0.20127749113144155
0.0,-1.0,0.0,-0.13541310469918139
0.0,0.0,-1.0,0.9696996776988009
0.0,0.0,0.0,1.0
1.0,0.0,0.0,0.20539535154074318
0.0,-1.0,0.0,-0.13254921144341053
0.0,0.0,-1.0,0.9692289946626542
0.0,0.0,0.0,1.0
1.0,0.0,0.0,0.20885296377678364
0.0,-1.0,0.0,-0.12898278664094898
0.0,0.0,-1.0,0.968977622808711
0.0,0.0,0.0,1.0
1.0,0.0,0.0,0.21226247709578222
0.0,-1.0,0.0,-0.12700873284274228
0.0,0.0,-1.0,0.9684907185149818
0.0,0.0,0.0,1.0
1.0,0.0,0.0,0.21592344390640406
0.0,-1.0,0.0,-0.12417693423383327
0.0,0.0,-1.0,0.9680523122968715
0.0,0.0,0.0,1.0
1.0,0.0,0.0,0.21768067164100302
0.0,-1.0,0.0,-0.12133646296867458
0.0,0.0,-1.0,0.9680281761649299
0.0,0.0,0.0,1.0
1.0,0.0,0.0,0.220221769393743
0.0,-1.0,0.0,-0.11845290865405317
0.0,0.0,-1.0,0.9678212151109874
0.0,0.0,0.0,1.0
1.0,0.0,0.0,0.22226005331383264
0.0,-1.0,0.0,-0.11555501069562346
0.0,0.0,-1.0,0.967700504020614
0.0,0.0,0.0,1.0
1.0,0.0,0.0,0.22326889472976105
0.0,-1.0,0.0,-0.11266897797971334
0.0,0.0,-1.0,0.9678229359017578
0.0,0.0,0.0,1.0
1.0,0.0,0.0,0.2232931445052412
0.0,-1.0,0.0,-0.11297347817704245
0.0,0.0,-1.0,0.9677612993443574
0.0,0.0,0.0,1.0
1.0,0.0,0.0,0.22341530121666614
0.0,-1.0,0.0,-0.10909330790015853
0.0,0.0,-1.0,0.9681736360677252
0.0,0.0,0.0,1.0
1.0,0.0,0.0,0.22281060706994954
0.0,-1.0,0.0,-0.10690592569284088
0.0,0.0,-1.0,0.9685499921166185
0.0,0.0,0.0,1.0
1.0,0.0,0.0,0.22096627466344443
0.0,-1.0,0.0,-0.10118927780175818
0.0,0.0,-1.0,0.9695839166464694
0.0,0.0,0.0,1.0
1.0,0.0,0.0,0.21999747936378633
0.0,-1.0,0.0,-0.09726359121874538
0.0,0.0,-1.0,0.9701768820263665
0.0,0.0,0.0,1.0
1.0,0.0,0.0,0.21892612669858066
0.0,-1.0,0.0,-0.09332510193968035
0.0,0.0,-1.0,0.970830059652108
0.0,0.0,0.0,1.0
1.0,0.0,0.0,0.2151048731192116
0.0,-1.0,0.0,-0.0886428815317224
0.0,0.0,-1.0,0.972090499160476
0.0,0.0,0.0,1.0
1.0,0.0,0.0,0.21277235021108204
0.0,-1.0,0.0,-0.0849507034627511
0.0,0.0,-1.0,0.9729283549134768
0.0,0.0,0.0,1.0
1.0,0.0,0.0,0.21063677662178518
0.0,-1.0,0.0,-0.07923330087471937
0.0,0.0,-1.0,0.9738746954245239
0.0,0.0,0.0,1.0
1.0,0.0,0.0,0.20784587315065656
0.0,-1.0,0.0,-0.07244510747777685
0.0,0.0,-1.0,0.9750218606559578
0.0,0.0,0.0,1.0
1.0,0.0,0.0,0.2053899792113454
0.0,-1.0,0.0,-0.06920847143674738
0.0,0.0,-1.0,0.9757851265605157
0.0,0.0,0.0,1.0
1.0,0.0,0.0,0.20227391113847332
0.0,-1.0,0.0,-0.06598391879365548
0.0,0.0,-1.0,0.9766705450158847
0.0,0.0,0.0,1.0
1.0,0.0,0.0,0.19867898499425832
0.0,-1.0,0.0,-0.06244784565390258
0.0,0.0,-1.0,0.9776369358814386
0.0,0.0,0.0,1.0
1.0,0.0,0.0,0.19625684418516326
0.0,-1.0,0.0,-0.06154769832379682
0.0,0.0,-1.0,0.9781775945734803
0.0,0.0,0.0,1.0
1.0,0.0,0.0,0.19353799022322107
0.0,-1.0,0.0,-0.060589528253991394
0.0,0.0,-1.0,0.9787791016862845
0.0,0.0,0.0,1.0
1.0,0.0,0.0,0.191066646598183
0.0,-1.0,0.0,-0.05949916497220496
0.0,0.0,-1.0,0.9793225036954125
0.0,0.0,0.0,1.0
1.0,0.0,0.0,0.18799138554174327
0.0,-1.0,0.0,-0.05845449801834798
0.0,0.0,-1.0,0.9799899712678156
0.0,0.0,0.0,1.0
1.0,0.0,0.0,0.185337997301035
0.0,-1.0,0.0,-0.05773994578107053
0.0,0.0,-1.0,0.980550207075943
0.0,0.0,0.0,1.0
1.0,0.0,0.0,0.18311134822533542
0.0,-1.0,0.0,-0.05739587262239901
0.0,0.0,-1.0,0.9810032718846811
0.0,0.0,0.0,1.0
1.0,0.0,0.0,0.18064521003513315
0.0,-1.0,0.0,-0.057018163539609645
0.0,0.0,-1.0,0.9814846491156837
0.0,0.0,0.0,1.0
1.0,0.0,0.0,0.17879000576738538
0.0,-1.0,0.0,-0.05517857488183141
0.0,0.0,-1.0,0.9819436385353757
0.0,0.0,0.0,1.0
1.0,0.0,0.0,0.17594293715201603
0.0,-1.0,0.0,-0.0543968003878859
0.0,0.0,-1.0,0.9825241766787722
0.0,0.0,0.0,1.0
1.0,0.0,0.0,0.1749552884663056
0.0,-1.0,0.0,-0.053430672134273785
0.0,0.0,-1.0,0.9827564293070861
0.0,0.0,0.0,1.0
1.0,0.0,0.0,0.1719188689804978
0.0,-1.0,0.0,-0.053769095639834695
0.0,0.0,-1.0,0.9832684568625835
0.0,0.0,0.0,1.0
1.0,0.0,0.0,0.16949517898129085
0.0,-1.0,0.0,-0.05299713302301863
0.0,0.0,-1.0,0.9837781833850694
0.0,0.0,0.0,1.0
1.0,0.0,0.0,0.16899325520831815
0.0,-1.0,0.0,-0.05164690764749716
0.0,0.0,-1.0,0.9839482744448904
0.0,0.0,0.0,1.0
1.0,0.0,0.0,0.16732715042857893
0.0,-1.0,0.0,-0.05259560406367962
0.0,0.0,-1.0,0.9842074320684404
0.0,0.0,0.0,1.0
1.0,0.0,0.0,0.1665752806837233
0.0,-1.0,0.0,-0.05274265163609667
0.0,0.0,-1.0,0.98436185631115
0.0,0.0,0.0,1.0
1.0,0.0,0.0,0.16809381986221092
0.0,-1.0,0.0,-0.05287305714587025
0.0,0.0,-1.0,0.9840956545151142
0.0,0.0,0.0,1.0
1.0,0.0,0.0,0.17002783078777806
0.0,-1.0,0.0,-0.05435796736625691
0.0,0.0,-1.0,0.9836473927008946
0.0,0.0,0.0,1.0
1.0,0.0,0.0,0.16589508529493185
0.0,-1.0,0.0,-0.05307104864619561
0.0,0.0,-1.0,0.9844585055747705
0.0,0.0,0.0,1.0
1.0,0.0,0.0,0.16419962082500955
0.0,-1.0,0.0,-0.05346555083092325
0.0,0.0,-1.0,0.9847302699968616
0.0,0.0,0.0,1.0
1.0,0.0,0.0,0.1620683637456396
0.0,-1.0,0.0,-0.05339826437409338
0.0,0.0,-1.0,0.9850854477642614
0.0,0.0,0.0,1.0
1.0,0.0,0.0,0.16131315544262848
0.0,-1.0,0.0,-0.05352301565238683
0.0,0.0,-1.0,0.9851753565546644
0.0,0.0,0.0,1.0
1.0,0.0,0.0,0.1598501878249251
0.0,-1.0,0.0,-0.054449850572933375
0.0,0.0,-1.0,0.9853412457313433
0.0,0.0,0.0,1.0
1.0,0.0,0.0,0.15591505473744793
0.0,-1.0,0.0,-0.05488236268532518
0.0,0.0,-1.0,0.9859813479516529
0.0,0.0,0.0,1.0
1.0,0.0,0.0,0.14721175313329352
0.0,-1.0,0.0,-0.055027710162140975
0.0,0.0,-1.0,0.9873121833299563
0.0,0.0,0.0,1.0
1.0,0.0,0.0,0.14691637309236438
0.0,-1.0,0.0,-0.05633018788576437
0.0,0.0,-1.0,0.9872560316335848
0.0,0.0,0.0,1.0
1.0,0.0,0.0,0.1426467630174165
0.0,-1.0,0.0,-0.05813232635917749
0.0,0.0,-1.0,0.9877439638934391
0.0,0.0,0.0,1.0
1.0,0.0,0.0,0.13692786138251078
0.0,-1.0,0.0,-0.05910808265709287
0.0,0.0,-1.0,0.9884668118083345
0.0,0.0,0.0,1.0
1.0,0.0,0.0,0.1343259651754944
0.0,-1.0,0.0,-0.05957919273921028
0.0,0.0,-1.0,0.9887449157793788
0.0,0.0,0.0,1.0
1.0,0.0,0.0,0.13032652716578624
0.0,-1.0,0.0,-0.06285490849514475
0.0,0.0,-1.0,0.9890632908361177
0.0,0.0,0.0,1.0
1.0,0.0,0.0,0.12687832675511135
0.0,-1.0,0.0,-0.06616621824874003
0.0,0.0,-1.0,0.9892706548559906
0.0,0.0,0.0,1.0
1.0,0.0,0.0,0.12455041999776426
0.0,-1.0,0.0,-0.0679481150003371
0.0,0.0,-1.0,0.9894523465424909
0.0,0.0,0.0,1.0
1.0,0.0,0.0,0.1229600660551246
0.0,-1.0,0.0,-0.06843636004568529
0.0,0.0,-1.0,0.9896033563370779
0.0,0.0,0.0,1.0
1.0,0.0,0.0,0.12123423394922668
0.0,-1.0,0.0,-0.0704989667917871
0.0,0.0,-1.0,0.9896654219375225
0.0,0.0,0.0,1.0
1.0,0.0,0.0,0.12118596007519503
0.0,-1.0,0.0,-0.07087698338863632
0.0,0.0,-1.0,0.9896318215831823
0.0,0.0,0.0,1.0
1.0,0.0,0.0,0.12156319709776961
0.0,-1.0,0.0,-0.071370323541202
0.0,0.0,-1.0,0.9895460246191882
0.0,0.0,0.0,1.0
1.0,0.0,0.0,0.12384056094705465
0.0,-1.0,0.0,-0.07174930447402708
0.0,0.0,-1.0,0.989236305123776
0.0,0.0,0.0,1.0
1.0,0.0,0.0,0.12495703094888055
0.0,-1.0,0.0,-0.07345079110351557
0.0,0.0,-1.0,0.9889706507944114
0.0,0.0,0.0,1.0
1.0,0.0,0.0,0.12660610671725253
0.0,-1.0,0.0,-0.07495788344766284
0.0,0.0,-1.0,0.9886457996859335
0.0,0.0,0.0,1.0
1.0,0.0,0.0,0.12982787500718332
0.0,-1.0,0.0,-0.07499585686342958
0.0,0.0,-1.0,0.9882360226649856
0.0,0.0,0.0,1.0
1.0,0.0,0.0,0.13387569887740905
0.0,-1.0,0.0,-0.07474752455893965
0.0,0.0,-1.0,0.9877048849861586
0.0,0.0,0.0,1.0
1.0,0.0,0.0,0.13716020799274514
0.0,-1.0,0.0,-0.07597186217671678
0.0,0.0,-1.0,0.9871707960953242
0.0,0.0,0.0,1.0
1.0,0.0,0.0,0.14086725630355207
0.0,-1.0,0.0,-0.07694780349957511
0.0,0.0,-1.0,0.9865770920963918
0.0,0.0,0.0,1.0
1.0,0.0,0.0,0.1433217025526232
0.0,-1.0,0.0,-0.07839203382783823
0.0,0.0,-1.0,0.9861243054002813
0.0,0.0,0.0,1.0
1.0,0.0,0.0,0.14616756867614542
0.0,-1.0,0.0,-0.08015086455386572
0.0,0.0,-1.0,0.9855859491536134
0.0,0.0,0.0,1.0
1.0,0.0,0.0,0.1493810777136636
0.0,-1.0,0.0,-0.08326343920734416
0.0,0.0,-1.0,0.9848548975911808
0.0,0.0,0.0,1.0
1.0,0.0,0.0,0.15154026021515415
0.0,-1.0,0.0,-0.08475627872994596
0.0,0.0,-1.0,0.9843836998802806
0.0,0.0,0.0,1.0
1.0,0.0,0.0,0.1530560510132462
0.0,-1.0,0.0,-0.08669021412805424
0.0,0.0,-1.0,0.9839759535911654
0.0,0.0,0.0,1.0
1.0,0.0,0.0,0.1538059254418266
0.0,-1.0,0.0,-0.08988654207301686
0.0,0.0,-1.0,0.9835812820736161
0.0,0.0,0.0,1.0
1.0,0.0,0.0,0.15453365928930396
0.0,-1.0,0.0,-0.0906614951073438
0.0,0.0,-1.0,0.9833953717104795
0.0,0.0,0.0,1.0
1.0,0.0,0.0,0.1556143308921048
0.0,-1.0,0.0,-0.09207578821805344
0.0,0.0,-1.0,0.9830822905103325
0.0,0.0,0.0,1.0
1.0,0.0,0.0,0.15624063296967253
0.0,-1.0,0.0,-0.09283026609537351
0.0,0.0,-1.0,0.9829123531130892
0.0,0.0,0.0,1.0
1.0,0.0,0.0,0.15683662064559
0.0,-1.0,0.0,-0.09337039792936097
0.0,0.0,-1.0,0.9827716692211979
0.0,0.0,0.0,1.0
1.0,0.0,0.0,0.15661899220110398
0.0,-1.0,0.0,-0.09394710818909266
0.0,0.0,-1.0,0.9827547027677171
0.0,0.0,0.0,1.0
1.0,0.0,0.0,0.15614833024285213
0.0,-1.0,0.0,-0.09389698030282838
0.0,0.0,-1.0,0.982830816977515
0.0,0.0,0.0,1.0
1.0,0.0,0.0,0.1558938773736378
0.0,-1.0,0.0,-0.09400756195529283
0.0,0.0,-1.0,0.9828625606802583
0.0,0.0,0.0,1.0
1.0,0.0,0.0,0.1548381609337975
0.0,-1.0,0.0,-0.09387229613315945
0.0,0.0,-1.0,0.9830549082675744
0.0,0.0,0.0,1.0
1.0,0.0,0.0,0.1538182491388583
0.0,-1.0,0.0,-0.09389340970371214
0.0,0.0,-1.0,0.9832210132114868
0.0,0.0,0.0,1.0
1.0,0.0,0.0,0.15302726018980287
0.0,-1.0,0.0,-0.09383925365935196
0.0,0.0,-1.0,0.9833459034929579
0.0,0.0,0.0,1.0
1.0,0.0,0.0,0.15167672667598453
0.0,-1.0,0.0,-0.09460367155582189
0.0,0.0,-1.0,0.983484837825755
0.0,0.0,0.0,1.0
1.0,0.0,0.0,0.15143199879461655
0.0,-1.0,0.0,-0.09603822609126378
0.0,0.0,-1.0,0.9833729390552561
0.0,0.0,0.0,1.0
1.0,0.0,0.0,0.15020411167211672
0.0,-1.0,0.0,-0.09607649455741521
0.0,0.0,-1.0,0.9835729191805913
0.0,0.0,0.0,1.0
1.0,0.0,0.0,0.150351742312816
0.0,-1.0,0.0,-0.09684424275041292
0.0,0.0,-1.0,0.983472191197597
0.0,0.0,0.0,1.0
